product_name,category,product_id,product_count,rating,price
"Pulse Money",Electronics,P000519,38,4.07,769.71
"Everest Response",Clothing,P000762,37,3.87,185.46
"GreenLeaf Rule",Clothing,P001164,36,3.46,18.65
"Harbor Development",Toys,P001354,35,2.93,96.63
"Zenith Environmental",Groceries,P001239,35,3.79,15.79
"GreenLeaf Card","Pet Supplies",P000902,35,4.12,42.91
"Everest She",Books,P001001,35,2.79,25.73
"Zenith Stop","Pet Supplies",P000448,35,2.57,66.33
"Zenith School",Toys,P000007,35,2.61,81.17
"Orion Range",Sports,P000819,35,3.67,159.14
"GreenLeaf Save",Automotive,P000636,35,3.78,94.4
"Zenith Like",Books,P001488,34,3,46.59
"Willow Evening",Toys,P000027,34,2.7,61.59
"Zenith North",Beauty,P000760,34,4.88,20.41
"Zenith Soon",Sports,P000152,34,4.64,299.66
"Zenith Reduce",Books,P001244,34,4.53,25.57
"Acme Then",Clothing,P001772,34,4.07,20.18
"GreenLeaf Move","Home & Kitchen",P000265,34,4.52,163.19
"Everest Parent",Sports,P000650,33,4.24,235.46
"Orion Follow",Automotive,P001499,33,2.85,598.63
"GreenLeaf Major",Books,P001989,33,3.58,61.57
"Everest Family",Automotive,P000767,33,2.61,327.68
"NeoTech Ask","Pet Supplies",P000433,33,3.46,5.28
"Zenith Treatment",Toys,P000515,33,4.74,21.15
"NeoTech Throw",Electronics,P000509,33,3.75,538.42
"Pulse All",Automotive,P001208,33,4.83,600.89
"Everest Sell",Books,P000244,33,4.08,69.29
"Solace Team","Pet Supplies",P000133,33,4.21,25.97
"Solace Street",Beauty,P000248,33,2.51,40.54
"Everest All",Automotive,P001852,33,4.29,643.14
"Harbor National",Clothing,P000825,33,4.35,23.92
"GreenLeaf Eye",Sports,P001654,33,3.53,135.96
"Orion Fund",Beauty,P001466,33,3.29,104.54
"Harbor Wonder",Clothing,P001055,33,4.87,123.01
"Pulse Project","Pet Supplies",P000046,33,4.52,19.09
"Willow Treatment",Automotive,P001794,32,3.89,576.97
"Solace Bill",Beauty,P000251,32,2.71,64.82
"Harbor Opportunity",Books,P000395,32,3.65,56.04
"Astra Early",Books,P001348,32,3.58,54.01
"Solace At",Books,P001869,32,4.33,8.47
"NeoTech Able",Groceries,P000832,32,4.76,8.06
"Everest Fast",Toys,P001760,32,2.95,24.92
"Zenith Lawyer",Automotive,P001613,32,4.81,734.26
"Orion Mention",Books,P000740,32,2.66,73.39
"Willow Eye",Books,P001984,32,3.08,84.86
"Willow Break",Beauty,P001622,32,2.62,5.29
"Pulse Still","Pet Supplies",P001883,32,3.79,59.59
"Everest Now","Pet Supplies",P001489,32,3.23,40
"Solace Activity","Pet Supplies",P000788,32,4.03,95.98
"Solace Particular",Toys,P000077,32,3.91,27.21
"Nimbus Seven",Beauty,P000633,32,2.82,32.11
"Harbor Success",Sports,P001387,32,4.45,20.14
"Everest Beautiful",Toys,P000638,32,3.45,76.4
"Willow Never",Groceries,P001165,32,4.89,12.97
"Nimbus Hot",Toys,P000930,32,3.71,32.43
"Zenith Game",Toys,P000789,32,4.25,87.48
"GreenLeaf Item",Electronics,P000803,31,3.43,953.03
"Harbor Night",Clothing,P001002,31,3.68,209.1
"NeoTech When",Toys,P000006,31,3.2,18.61
"Zenith Foreign",Automotive,P000540,31,3.08,337.8
"Astra Significant","Pet Supplies",P000347,31,3.89,19.77
"Willow Amount",Beauty,P001850,31,3.7,129.49
"Harbor Bar",Toys,P000784,31,2.63,49.7
"Harbor Cost",Automotive,P000954,31,3.32,661.52
"Acme Type",Automotive,P001922,31,2.79,201.36
"NeoTech Purpose",Automotive,P001641,31,3.24,705.88
"Willow Mean",Sports,P001329,31,3.55,168.63
"GreenLeaf Push",Books,P001511,31,3.49,52.29
"Astra Season",Sports,P000293,31,3.34,122.71
"Acme Room",Sports,P000855,31,3.4,366.84
"GreenLeaf Throughout",Books,P000107,31,2.85,118.51
"Nimbus Small",Automotive,P001257,31,3.66,854.8
"Orion Enter",Clothing,P001092,31,3.08,20.74
"Orion Begin",Automotive,P001225,31,2.87,36.52
"NeoTech Certainly",Clothing,P000095,31,4.88,121.02
"Harbor Laugh",Beauty,P001767,31,4.73,254.74
"Nimbus Knowledge",Sports,P000512,31,4.22,101.36
"Willow A",Sports,P000629,31,3.12,210.39
"Willow Determine",Automotive,P000078,31,3.4,344.26
"NeoTech Civil",Toys,P001392,31,3.63,29.34
"Willow Beyond","Home & Kitchen",P000507,31,2.81,208.34
"Harbor Hear",Books,P001156,31,3.87,96.56
"Pulse Treat",Electronics,P000731,31,4.23,1236.42
"Astra Such","Pet Supplies",P001554,31,3.74,43.35
"NeoTech Guess",Automotive,P000758,31,4.54,236.7
"Orion Event",Groceries,P001773,31,3.21,12.34
"Zenith Into",Toys,P001713,31,4.17,37.8
"Acme Owner",Books,P000497,30,3.69,15.21
"Willow Site",Clothing,P000304,30,2.68,120.82
"Everest Religious","Home & Kitchen",P001722,30,3.51,80.1
"Acme South",Groceries,P000960,30,2.5,9.31
"Acme Behavior",Books,P000980,30,3.06,53.19
"Everest Republican","Pet Supplies",P001610,30,3.28,77.46
"Astra Act",Electronics,P001081,30,2.77,985.35
"NeoTech Eye","Pet Supplies",P000777,30,4.64,27.19
"Willow Hospital",Automotive,P001925,30,3.45,1340.76
"Nimbus Our","Pet Supplies",P001258,30,2.52,97.42
"Harbor Accept",Beauty,P001245,30,3.96,71.41
"Everest Choose",Electronics,P000035,30,4.63,438.46
"GreenLeaf Interview",Automotive,P000144,30,4.2,224.43
"Willow Week",Toys,P000074,30,4.52,40.24
"GreenLeaf No","Pet Supplies",P001215,30,4.48,59.93
"Solace Create",Clothing,P001614,30,2.92,97.47
"Everest Reality",Groceries,P001962,30,3.22,26.13
"Pulse Surface",Groceries,P000102,30,4.78,6.16
"Harbor Suggest","Pet Supplies",P000956,30,4.15,61.9
"Willow Purpose","Pet Supplies",P001766,30,3.51,64.22
"Pulse Look",Groceries,P001695,30,4.78,11.71
"Orion Guy",Toys,P000185,30,2.77,69.64
"Solace Guy",Clothing,P001826,30,4.34,117.72
"Astra Space","Home & Kitchen",P000918,30,4.11,98.55
"Solace So",Sports,P000955,30,2.84,226.85
"Harbor West",Sports,P000506,30,4.68,75.86
"Willow Sing",Groceries,P001112,30,2.93,22.26
"Solace Follow",Beauty,P000413,30,3.76,6.79
"GreenLeaf Action",Beauty,P001952,30,3.03,118.9
"Solace A","Home & Kitchen",P000018,30,3.06,47.18
"Orion Child","Pet Supplies",P001965,30,3.1,81.47
"GreenLeaf Reveal",Groceries,P000684,29,3.76,26.34
"Acme Road",Sports,P001940,29,2.78,115.22
"Solace Finish",Books,P000247,29,3.76,10.2
"Acme Wrong",Clothing,P001080,29,4.63,18.31
"Acme Democratic",Groceries,P001791,29,3.17,9
"GreenLeaf A",Electronics,P000908,29,3.31,462.76
"Pulse Fly",Groceries,P001981,29,3.32,9.92
"Everest Single",Clothing,P001639,29,3.94,253.6
"Solace Social","Home & Kitchen",P000380,29,2.57,148.33
"Acme Clear","Home & Kitchen",P000936,29,3.79,236.97
"Solace Most",Toys,P001309,29,4.32,52.93
"Zenith Behavior",Electronics,P000231,29,3.27,178.96
"Orion Strategy",Beauty,P001359,29,3.63,100.06
"Orion Season",Toys,P001230,29,2.69,12.46
"GreenLeaf Bar",Clothing,P000111,29,3.86,55.21
"Orion Kitchen",Books,P001842,29,4.12,29.1
"Zenith Might",Sports,P000233,29,2.64,173.94
"Pulse Six",Toys,P000649,29,3.7,27.91
"Harbor Thought",Toys,P001250,29,4.51,14.59
"Orion Indicate",Books,P000261,29,2.65,54.65
"Solace Easy",Beauty,P000178,29,4.74,145.19
"Harbor Natural","Home & Kitchen",P000172,29,2.53,53.8
"Zenith Now","Pet Supplies",P000939,29,3.87,42.57
"Nimbus Much",Sports,P001645,29,3.42,223.28
"Pulse Security",Electronics,P001036,29,4.86,1075.65
"NeoTech Democrat",Clothing,P001420,29,2.61,114.66
"Astra Likely",Automotive,P001078,29,3.9,687.51
"NeoTech Truth","Home & Kitchen",P001251,29,3.67,270.85
"Everest Almost",Beauty,P000484,29,4.89,104.34
"Solace Step",Beauty,P001746,29,4.14,32.16
"NeoTech Vote","Pet Supplies",P000287,29,3.12,69.34
"GreenLeaf Mr",Beauty,P001322,29,3.19,56.87
"Astra Reveal",Books,P001401,29,2.69,49.62
"Nimbus Attack",Beauty,P001543,29,3.65,147.11
"Solace Interesting",Beauty,P000104,29,2.97,40.38
"NeoTech Professor",Groceries,P000118,29,2.81,13.13
"Orion Pull",Sports,P001009,29,2.86,32.46
"Nimbus To",Sports,P000052,29,3.17,138.89
"Everest Truth",Beauty,P001516,29,3.57,104.12
"Orion Voice",Toys,P000861,29,3.54,81.52
"Zenith Fly","Pet Supplies",P001107,29,4.78,13.03
"Solace Personal",Beauty,P001334,29,3.49,156.31
"Everest Several","Home & Kitchen",P001585,29,3.37,45.55
"GreenLeaf They","Pet Supplies",P000011,29,2.77,2.99
"Acme Field",Beauty,P001644,29,2.51,157.79
"Nimbus Report",Beauty,P000824,29,4.8,83.11
"Orion Wrong",Automotive,P001353,29,3.14,631.36
"Nimbus Word",Sports,P001652,29,3.65,188.49
"Nimbus Little",Toys,P000210,29,4.19,253.94
"Zenith Discuss",Beauty,P001749,29,2.51,25.95
"Astra Daughter",Toys,P000621,29,4.63,7.92
"NeoTech Participant","Home & Kitchen",P001266,29,3.78,45.32
"NeoTech Despite",Sports,P001440,29,4.37,55.11
"Orion Face",Electronics,P000198,29,4.66,1352.63
"GreenLeaf Measure",Toys,P000721,29,3.74,52.92
"Zenith Military","Pet Supplies",P001796,29,4.68,45.72
"Zenith Pm",Clothing,P000737,29,4.32,92.23
"Nimbus Size",Books,P001844,29,2.99,70.23
"Harbor Cup",Groceries,P000947,29,2.99,18.37
"Harbor Think",Clothing,P000774,29,4.69,20.4
"Orion Second","Pet Supplies",P001344,28,2.72,103.47
"Willow Past","Home & Kitchen",P001139,28,4.71,264.04
"Astra Town",Books,P000164,28,2.81,60.85
"Nimbus Economic",Toys,P001492,28,4.85,119.02
"Zenith Friend",Books,P000587,28,3.92,15.87
"Willow Pressure","Home & Kitchen",P001379,28,4.04,61.86
"Solace Most",Groceries,P000263,28,3.47,12.76
"Zenith Along","Pet Supplies",P001524,28,2.6,29.67
"Nimbus Want",Toys,P001039,28,2.99,5.98
"Pulse Else",Books,P001586,28,3.27,9.81
"Zenith Stay",Beauty,P000428,28,3.11,135.76
"Zenith Few",Sports,P001839,28,4.13,180.71
"Orion Get",Automotive,P000820,28,2.51,974.16
"Willow Maintain","Pet Supplies",P001764,28,4.69,30.77
"Willow Message","Home & Kitchen",P001983,28,3.89,11.12
"Zenith Left",Beauty,P001454,28,4.07,178.76
"Astra Many","Pet Supplies",P001011,28,4.42,48.22
"Solace But",Toys,P001294,28,4.28,45.66
"Harbor May",Clothing,P001265,28,3.91,59.96
"Astra Hospital","Pet Supplies",P000479,28,3.78,92.17
"Willow Firm",Beauty,P001095,28,3.58,49.87
"Astra Five",Beauty,P001612,28,3.67,83.13
"Willow Property",Toys,P000496,28,2.86,100.66
"Astra Cell",Beauty,P001201,28,4.2,37.71
"Orion Firm",Groceries,P000084,28,4.44,4.51
"Solace Sound",Electronics,P001741,28,2.72,957.88
"Harbor Who",Beauty,P000462,28,3.41,142.59
"Harbor By",Groceries,P001093,28,3.86,21.91
"Nimbus Seven",Books,P000779,28,4.35,8.89
"Astra Great",Sports,P000443,28,4.87,61.6
"Orion Ten",Beauty,P001362,28,3.12,82.69
"Zenith Believe",Automotive,P001398,28,3.68,157.95
"Acme It",Clothing,P001647,28,3.17,118.8
"Nimbus Safe",Automotive,P001936,28,3.14,413.42
"NeoTech Score",Clothing,P001505,28,3.54,142.27
"Pulse Serious",Sports,P000216,28,4.86,295.05
"GreenLeaf Save","Pet Supplies",P001022,28,2.78,44.54
"Willow Out",Books,P000529,28,4.87,57.18
"GreenLeaf Just","Home & Kitchen",P001343,28,4.64,326.01
"Orion Hit",Clothing,P001283,28,3.04,187.33
"Zenith Thus",Automotive,P000237,28,2.97,191.89
"Willow Court",Beauty,P001040,28,4.13,22.15
"Astra Next",Toys,P000589,28,4.86,88.66
"NeoTech Attack","Home & Kitchen",P001172,28,3.63,179.46
"Orion Instead","Home & Kitchen",P000888,28,4.5,29.52
"Astra Where",Automotive,P000570,28,2.68,108.5
"Harbor Last",Electronics,P000218,28,2.93,234.99
"Everest Well",Books,P001315,28,3.39,16.45
"Nimbus Treat",Sports,P001576,28,4.64,51.04
"Nimbus Take",Automotive,P000384,28,2.69,596.56
"GreenLeaf Or",Automotive,P001206,27,4.08,531.53
"Everest Million",Sports,P000331,27,4.02,112.6
"Solace Move",Automotive,P000208,27,2.71,826.18
"Willow Nation","Pet Supplies",P000884,27,4.05,15.29
"Everest Beautiful",Sports,P001784,27,3.77,219.72
"Everest End",Toys,P000560,27,2.9,16.86
"NeoTech Late",Groceries,P001888,27,2.95,16.14
"Acme Subject",Automotive,P001870,27,3.16,383.26
"Astra Can",Groceries,P001195,27,3.01,16.88
"Willow Result","Pet Supplies",P000396,27,2.63,6.95
"Acme Theory",Groceries,P001769,27,3.51,18.76
"Nimbus Who",Books,P000492,27,4.07,36.16
"GreenLeaf Current",Automotive,P000950,27,2.55,654.76
"Nimbus Whose",Books,P000473,27,2.99,22.53
"NeoTech Power",Toys,P000042,27,4.49,36.95
"Pulse Street","Home & Kitchen",P001192,27,2.94,73.31
"Harbor Wrong",Sports,P001801,27,3.12,365.24
"Acme Coach",Groceries,P000390,27,3.79,24.1
"Zenith Without",Toys,P001293,27,3.3,9.53
"Pulse Above",Toys,P001837,27,3.13,72.87
"NeoTech Great","Pet Supplies",P001232,27,4.7,35.41
"Everest Try",Beauty,P000645,27,3.33,63.98
"GreenLeaf Interview",Clothing,P001326,27,4,61.39
"NeoTech School","Home & Kitchen",P001663,27,3.85,75.4
"Acme Wait","Pet Supplies",P001557,27,4.14,75.93
"NeoTech Tend",Clothing,P001810,27,3.48,61.15
"Everest Against",Toys,P000369,27,3.26,15.41
"Solace Foot",Beauty,P000285,27,3.48,12.79
"Astra Cost","Pet Supplies",P000677,27,3.85,17.6
"Orion Race",Automotive,P001822,27,3.57,492.48
"Acme Of",Electronics,P000555,27,2.52,1407.61
"Harbor Necessary",Books,P000501,27,4.41,65.31
"Nimbus Establish","Home & Kitchen",P000391,27,2.87,74.41
"Astra Strong",Beauty,P000655,27,2.99,195.39
"Astra Measure",Automotive,P001292,27,2.77,763.65
"Willow West",Books,P000367,27,3.68,38.32
"GreenLeaf Idea",Electronics,P000619,27,3.32,279.09
"Pulse Money",Beauty,P000311,27,4.69,110.72
"Nimbus Stay",Toys,P001907,27,3.84,34.96
"Zenith Form","Pet Supplies",P000705,27,3.32,62.05
"Solace Member",Sports,P001574,27,2.7,53.16
"Everest To","Pet Supplies",P001723,27,3.5,101.97
"Harbor Which","Home & Kitchen",P001070,27,3.22,152.24
"Willow Go","Pet Supplies",P001958,27,3.76,94.62
"Astra Deal",Toys,P001478,27,2.53,109.35
"GreenLeaf Company",Automotive,P000175,27,3.04,22.44
"Astra Least",Books,P000435,27,3.81,115.46
"GreenLeaf Happen",Groceries,P001063,27,3.06,27.14
"Zenith Whole",Toys,P000678,27,3.14,152.1
"Orion Page","Home & Kitchen",P001079,27,3.14,249.07
"Zenith Argue",Toys,P001311,27,3.49,46.89
"Orion Theory",Sports,P001367,27,3.44,283.47
"Nimbus Imagine","Home & Kitchen",P001034,27,2.78,15.62
"GreenLeaf System",Electronics,P001227,27,4.44,1260.68
"Acme Lead",Sports,P000105,27,3.91,146.49
"NeoTech Who","Home & Kitchen",P000842,27,3.9,239.55
"Pulse Author",Toys,P000816,27,4.26,56.6
"Nimbus Focus","Pet Supplies",P001806,27,4.4,54.34
"NeoTech Building","Pet Supplies",P000907,27,3.57,54.46
"Everest Fire",Clothing,P000422,27,4.37,257.15
"NeoTech These",Groceries,P001879,27,4.81,18.51
"NeoTech Security",Beauty,P000500,27,2.54,38.54
"Zenith Mr",Sports,P001688,27,4.51,59.25
"Pulse Sea","Pet Supplies",P001578,27,3.31,111.25
"Zenith Study",Books,P000646,27,4.09,19.76
"Pulse Bad","Pet Supplies",P000781,27,4.57,94.61
"Everest Church",Beauty,P001088,27,2.6,58.95
"NeoTech Style",Books,P001126,27,4.34,50.15
"Willow Local",Toys,P001841,27,3.05,58.53
"Solace Agree",Groceries,P001237,27,2.68,44.83
"Solace Lead",Electronics,P001493,27,3.1,992.56
"Willow Item",Automotive,P000053,27,4.55,100.81
"Nimbus Hit",Electronics,P001699,27,4.57,494.84
"Acme Idea",Sports,P001096,27,3.35,259.72
"Willow Just",Beauty,P001703,27,3.97,165.03
"Willow Attorney",Sports,P001118,27,3.75,96.96
"Nimbus Bad",Toys,P001275,27,2.56,77.34
"Willow Surface","Home & Kitchen",P001226,27,3.88,188.55
"Nimbus Minute",Beauty,P001119,26,3.62,74.08
"Nimbus Figure",Books,P001891,26,2.73,56.77
"Harbor Beat",Clothing,P001370,26,3.94,38.92
"Harbor Whom",Automotive,P001540,26,3.07,148.66
"Zenith Page","Home & Kitchen",P001990,26,4.13,431.12
"GreenLeaf Concern",Groceries,P000691,26,4.89,3.96
"Acme Improve",Toys,P000407,26,2.92,18.79
"Willow Reach",Electronics,P001173,26,4.7,815.47
"Willow At",Books,P000751,26,3.47,2.72
"Pulse Decision",Toys,P001565,26,4.5,50.01
"NeoTech Decide",Clothing,P000864,26,3.48,168.44
"Astra Speak","Pet Supplies",P000534,26,4.49,19.24
"Everest Real",Clothing,P000775,26,3.82,69.1
"Willow Benefit",Electronics,P001611,26,2.86,1028.88
"Pulse For","Pet Supplies",P000662,26,2.88,71.4
"Pulse Understand",Sports,P000545,26,3.04,55.49
"Astra Benefit",Clothing,P001430,26,3.29,41.44
"Astra Lose",Beauty,P000417,26,4.27,218.42
"Zenith Certainly",Books,P001418,26,2.92,3.45
"GreenLeaf Bill",Clothing,P001424,26,4.72,85.29
"Pulse Against",Sports,P001920,26,4.05,175.83
"Acme Effort",Groceries,P000876,26,2.85,20.23
"Astra On",Clothing,P001525,26,3.82,134.22
"Harbor Art",Beauty,P000829,26,2.69,111.06
"Astra Yes",Automotive,P001018,26,3.8,80.56
"Solace Risk","Home & Kitchen",P000227,26,3.47,238.61
"GreenLeaf Side","Home & Kitchen",P000610,26,2.55,101.29
"Astra Son",Sports,P001097,26,3.56,223.08
"Solace Particular","Home & Kitchen",P001745,26,4.83,157.71
"Solace Think",Beauty,P000440,26,4.86,10.76
"NeoTech Body",Sports,P000968,26,3.03,133.34
"Orion Treat",Automotive,P000256,26,4,664.92
"Nimbus Where",Automotive,P000149,26,4.5,323.14
"Solace Never",Electronics,P001000,26,4.2,443.67
"GreenLeaf Tell","Home & Kitchen",P001752,26,3.26,412.8
"Zenith Recently",Automotive,P000294,26,3.48,543.31
"Nimbus Military",Sports,P001991,26,3.57,178.96
"Acme Popular",Beauty,P001349,26,2.99,84.98
"Nimbus Nice",Groceries,P000889,26,4.56,9.1
"Willow Executive",Electronics,P001701,26,4.66,513.32
"Zenith Sign",Beauty,P001291,26,3.55,56.18
"Willow Him","Home & Kitchen",P000145,26,4.77,219.69
"Zenith Life",Groceries,P000340,26,2.7,20.74
"Solace People","Home & Kitchen",P001825,26,4.12,203.57
"Nimbus These",Clothing,P000838,26,2.85,57.65
"NeoTech Leader",Automotive,P001458,26,4.44,29.08
"Acme Traditional",Clothing,P000821,26,4.44,166.22
"Astra Might",Toys,P001665,26,4.3,76.59
"Solace Ten",Sports,P000094,26,3.6,41.49
"Nimbus When",Books,P001158,26,3.69,18.38
"NeoTech Agent","Pet Supplies",P000982,26,4.31,64.46
"Harbor Financial",Sports,P000350,26,4.69,241.98
"NeoTech Well",Beauty,P000255,26,4.18,71.91
"NeoTech Someone",Groceries,P000002,26,3.87,21.46
"Astra Last","Pet Supplies",P000932,26,3.26,96.95
"NeoTech Movement","Home & Kitchen",P000179,26,3.28,172.42
"Acme Off",Electronics,P000965,26,3.93,295.84
"GreenLeaf Opportunity",Clothing,P000446,26,3.24,68.43
"Zenith History",Books,P000549,26,4.72,56.44
"Harbor Since",Automotive,P000141,26,3.41,332.57
"Willow Cell",Books,P000827,26,4.29,52.53
"Everest Late",Clothing,P001860,26,3.46,86.67
"Everest Show",Toys,P000765,26,3.35,114.03
"Solace Institution",Clothing,P001590,26,2.81,11.57
"Orion Upon","Home & Kitchen",P000180,26,3.42,400.2
"Orion Even","Home & Kitchen",P000694,26,2.75,318.23
"Zenith Economy",Electronics,P000051,26,3.23,840.01
"Solace Top","Pet Supplies",P001460,26,4.81,46.12
"NeoTech Customer",Clothing,P001052,26,3.9,196.49
"Solace Across",Clothing,P000941,26,3.23,25.1
"NeoTech Hair","Pet Supplies",P001330,26,4.42,65.37
"Harbor Ability",Sports,P001177,26,2.53,107.38
"Willow If","Pet Supplies",P000356,26,2.69,67.94
"NeoTech Possible",Toys,P000044,26,2.7,53.51
"Zenith Happy",Electronics,P001462,26,3.58,951.69
"Acme If",Electronics,P001050,26,3.16,598.07
"GreenLeaf Present",Clothing,P001517,26,4.04,233.7
"Astra Write",Groceries,P001474,26,4.39,11.31
"Orion Film",Books,P001358,26,2.84,54.48
"Solace Evening",Books,P001381,26,4.51,43.13
"Orion Number",Electronics,P001143,26,3.7,1338.53
"Astra Success",Beauty,P001970,26,4.48,136.74
"Harbor Growth",Toys,P001890,26,4,83.34
"Solace Surface",Toys,P001923,26,3.16,38.31
"Pulse Eight",Groceries,P000063,26,3.33,18.77
"GreenLeaf East",Beauty,P001477,26,3.3,25.96
"Nimbus Condition",Toys,P000780,26,2.56,42.19
"GreenLeaf Painting",Beauty,P000332,26,4.55,33.02
"Zenith While",Groceries,P000199,26,4.19,10.35
"Nimbus Place",Electronics,P001475,26,3.93,651.6
"Willow Know",Automotive,P001579,26,3.25,124.87
"NeoTech Anything",Toys,P000434,26,3.36,52.83
"Willow Add",Automotive,P001260,26,4.77,337.06
"Harbor Much",Sports,P000764,26,2.9,226.24
"Willow Rich",Electronics,P001220,26,4.79,697.76
"Astra Moment",Toys,P001298,26,4.87,92.91
"Acme Part",Sports,P000856,26,4.22,113.75
"Astra Discuss",Automotive,P000401,26,4.53,291.84
"Acme Modern",Books,P001364,26,4.22,27.65
"GreenLeaf Course",Groceries,P001086,26,3.81,14.44
"Orion Who",Toys,P001763,26,3.36,79.36
"Zenith Forget",Groceries,P000724,26,4.51,20.92
"Zenith Heart",Beauty,P001737,26,4.75,92.24
"Solace Level","Home & Kitchen",P000488,26,4.59,264.67
"Nimbus Start",Toys,P001269,26,3.08,40.03
"Acme Like",Clothing,P000734,26,4.58,86.34
"Solace Media",Toys,P001669,26,3.12,115.92
"NeoTech Protect",Beauty,P000590,26,2.68,13.34
"Harbor Visit",Toys,P000324,25,3.2,60.11
"Willow Report",Books,P001599,25,4.71,63.33
"Acme Fill",Toys,P001184,25,4.24,64.63
"Orion Painting","Pet Supplies",P001687,25,4.23,10.39
"Willow Show",Electronics,P001874,25,3.56,605.36
"Nimbus Serve",Books,P000851,25,2.91,67.08
"Orion Side",Clothing,P000310,25,3.06,67.11
"Astra Tend",Clothing,P000967,25,3.3,106.52
"Pulse Skin","Pet Supplies",P001219,25,3.17,28.04
"Zenith Appear",Groceries,P001014,25,3.04,10.78
"GreenLeaf Lead",Groceries,P001564,25,3.29,10.42
"Solace Close",Automotive,P000961,25,4.55,698.45
"NeoTech Guess",Electronics,P001900,25,2.8,1351.78
"Zenith By",Toys,P000963,25,2.96,40.92
"Astra Another",Toys,P000707,25,3.19,26
"Willow Only",Beauty,P001725,25,2.63,96.97
"Zenith Item",Books,P000337,25,4.87,23.28
"Everest Response",Automotive,P001896,25,3.7,278.74
"Acme Design",Groceries,P001642,25,3.76,5.55
"NeoTech Onto",Clothing,P000130,25,2.78,152.63
"Acme Memory",Clothing,P000942,25,4.58,157
"Harbor Hospital",Clothing,P001026,25,3.89,168.25
"Nimbus Wish","Pet Supplies",P001738,25,3.4,52.26
"Harbor Onto",Electronics,P001448,25,2.9,1226.78
"Zenith Investment",Beauty,P001730,25,2.78,232.25
"Pulse Bad",Toys,P000746,25,2.83,71.01
"Harbor Not",Beauty,P001817,25,2.91,87.54
"Zenith Turn",Groceries,P001187,25,3.89,17.65
"Astra Finally",Clothing,P000848,25,2.66,97.68
"Willow Perform","Pet Supplies",P001951,25,3.5,44.57
"NeoTech Production",Clothing,P000726,25,3.27,109.92
"Pulse Off",Books,P000647,25,3.84,26.05
"Orion Vote",Toys,P001104,25,4.4,85.64
"Nimbus Development","Home & Kitchen",P000578,25,2.59,390.19
"Everest Read",Books,P000742,25,4.88,3.69
"Orion Increase",Electronics,P001176,25,3.45,610.48
"Pulse Start","Home & Kitchen",P001114,25,3.53,85.79
"Orion Mouth",Sports,P001975,25,4.22,278.14
"Willow Turn",Sports,P001308,25,4.47,38.14
"Pulse Worker",Clothing,P001594,25,4.16,83.76
"Orion Catch",Clothing,P001547,25,3.91,149.44
"Solace Possible",Books,P001750,25,2.87,61.35
"Harbor Will","Pet Supplies",P001544,25,2.62,2.75
"Solace All",Sports,P001231,25,2.74,168.03
"NeoTech Practice","Home & Kitchen",P000626,25,4.26,59.97
"Solace Leave","Home & Kitchen",P001977,25,3.3,250.41
"Acme Four",Groceries,P001189,25,2.74,9.98
"NeoTech Pick","Pet Supplies",P000427,25,4.09,37.84
"Everest Become",Clothing,P001904,25,4.14,215.5
"Willow Behind",Beauty,P000393,25,2.51,79.35
"NeoTech Conference",Groceries,P000489,25,2.51,5.11
"Solace Carry",Books,P001946,25,3.43,62.58
"Everest Voice","Pet Supplies",P000801,25,3.86,31.7
"Solace Education",Sports,P001169,25,3.95,180.9
"Willow Charge",Automotive,P000389,25,4.77,460.66
"Zenith Result",Sports,P001790,25,3.26,403.08
"Acme Must",Books,P001861,25,3.54,47.06
"Orion Pm","Home & Kitchen",P000438,25,2.98,167.79
"Willow Community",Electronics,P001278,25,4.65,1194.94
"NeoTech Help","Home & Kitchen",P000049,25,4.6,12.72
"Harbor Develop","Pet Supplies",P000432,25,3.07,58.1
"Astra Worker","Pet Supplies",P000893,25,2.67,87.91
"Nimbus Wrong",Automotive,P000045,25,4.81,36.34
"Willow Nation","Home & Kitchen",P001964,25,3.15,121.56
"Astra Particularly",Electronics,P001992,25,3.37,1166.24
"GreenLeaf Billion","Pet Supplies",P001351,25,3.4,40.72
"GreenLeaf Wrong",Sports,P001679,25,3.21,215.6
"Willow Special",Electronics,P000021,25,2.9,1772.36
"Willow Seem",Automotive,P000273,25,2.55,913.33
"Zenith Factor",Beauty,P000890,25,3.05,48.64
"Willow Wind",Books,P001501,25,3.84,17.28
"Orion Thought",Books,P000878,25,4.56,56.03
"Zenith Hot",Books,P000985,25,4.03,43.24
"GreenLeaf Size",Toys,P001279,25,3.28,64.27
"Orion Network","Pet Supplies",P000934,25,2.6,24.37
"NeoTech Everybody",Automotive,P000131,25,4.29,329.14
"Solace Share",Sports,P000999,25,3.96,112.19
"Everest Line","Home & Kitchen",P001761,25,2.69,32.15
"Nimbus Military",Automotive,P001149,25,3.54,247.43
"Acme Trip",Toys,P000692,25,2.79,75.81
"Astra Find",Sports,P000883,25,2.95,139.02
"Orion Now",Clothing,P000544,25,4,248.05
"Acme Others","Home & Kitchen",P000343,25,4.82,75.19
"Orion Idea",Clothing,P000241,25,4.55,148.45
"Astra Receive",Electronics,P000592,25,4.2,320.65
"NeoTech Second",Groceries,P000309,25,4.09,10.7
"Orion Whatever",Books,P001608,25,3.06,96.75
"Solace Give","Pet Supplies",P000928,25,3.43,55.21
"Everest Simple","Pet Supplies",P000254,25,2.7,109.05
"Pulse Direction",Toys,P001191,25,4.56,43.64
"Astra Sometimes","Pet Supplies",P001941,25,4.16,82.4
"Solace Job",Toys,P000871,25,3.16,15.04
"Zenith Commercial",Sports,P000239,25,2.91,180.4
"GreenLeaf Cut",Clothing,P000944,25,4.3,20.32
"NeoTech Process","Pet Supplies",P000236,25,2.78,42.76
"Harbor Vote",Electronics,P001762,25,3.08,476.36
"Zenith Center",Toys,P001356,25,2.52,48.15
"Everest She","Pet Supplies",P000588,25,3.18,19.35
"Astra Success","Home & Kitchen",P000266,25,3.54,45.35
"Nimbus Word",Toys,P000602,25,4.75,52.18
"Astra Nation",Books,P000717,25,4.54,53.24
"NeoTech Difficult",Groceries,P000526,25,2.89,9.25
"Harbor Issue",Clothing,P001519,25,4.32,130.87
"Astra Plant",Automotive,P001617,25,4.29,788.84
"Nimbus List","Pet Supplies",P001345,25,4.22,114.32
"Harbor Movie","Home & Kitchen",P001116,25,3.31,305
"Everest Economic",Groceries,P000714,25,3.91,22.55
"Willow Position",Automotive,P001390,25,3.79,293.83
"GreenLeaf Design",Sports,P001243,25,2.72,148.87
"Solace Situation","Home & Kitchen",P000706,25,2.75,112.22
"Willow Mouth",Electronics,P000385,25,3.96,756.87
"Willow Perform","Pet Supplies",P000761,25,2.57,57.87
"GreenLeaf The","Home & Kitchen",P000736,25,4.29,63.08
"Harbor Point",Clothing,P001829,25,3.88,36.94
"Orion Adult",Beauty,P000817,25,2.8,134.54
"Astra Fly",Automotive,P000061,25,3.66,369.87
"Orion High","Pet Supplies",P000215,25,3.08,34.28
"Zenith Baby",Clothing,P000499,25,3.31,115.81
"Harbor Ever",Sports,P000301,25,4.7,31.57
"Astra Key",Beauty,P001338,25,4.06,54.86
"Solace Door",Automotive,P001980,25,3.96,59.9
"Acme Majority","Home & Kitchen",P001005,24,3.14,405.41
"NeoTech Writer",Sports,P001471,24,3.39,161.15
"Willow Choose","Pet Supplies",P001098,24,4.46,15.26
"Willow Note",Electronics,P000303,24,4.2,1535.55
"NeoTech Girl","Home & Kitchen",P000704,24,4.66,194.49
"Astra Book",Automotive,P001756,24,2.92,967.83
"Orion After",Electronics,P001853,24,3.22,351.45
"Zenith Commercial",Toys,P000594,24,4.35,104.27
"Everest Drug",Clothing,P000991,24,4.39,19.08
"Harbor Would","Home & Kitchen",P001203,24,3.91,97.36
"Orion News","Home & Kitchen",P000412,24,4,225.99
"Astra Federal","Pet Supplies",P000648,24,2.79,6.52
"Acme Practice",Automotive,P001855,24,3.16,503.43
"Nimbus Cost",Electronics,P001069,24,4.19,250.79
"GreenLeaf Newspaper",Electronics,P000225,24,3.96,527.87
"Zenith Structure","Home & Kitchen",P001060,24,4.85,307.27
"Orion Laugh",Sports,P000036,24,3.64,81.88
"Harbor Follow",Sports,P000238,24,3.88,168.05
"GreenLeaf Plan",Automotive,P000854,24,2.59,685.59
"Orion Begin","Pet Supplies",P000330,24,4.32,37.03
"Everest Look",Automotive,P000075,24,4.46,143.79
"Solace And",Clothing,P001290,24,4.07,108.57
"Everest Rock",Clothing,P000542,24,3.77,36.54
"Acme Discuss",Sports,P000003,24,3.46,265.37
"Acme Surface",Toys,P001716,24,4.73,96.19
"Astra Agree","Pet Supplies",P000189,24,3.15,4.19
"Nimbus Family",Electronics,P000461,24,3.99,1700.35
"Zenith Media","Home & Kitchen",P001145,24,3.05,178.31
"Zenith Direction","Pet Supplies",P000188,24,2.69,12.4
"Acme Arrive","Pet Supplies",P000744,24,4.02,88.68
"Orion Itself",Clothing,P000032,24,3.75,265.99
"Nimbus Consider",Toys,P000194,24,4.83,59.65
"Solace Everyone",Clothing,P000123,24,3.38,244.44
"Harbor Describe",Books,P001075,24,2.57,37.33
"Pulse Down",Groceries,P000495,24,4.53,21.2
"Zenith Garden",Books,P001441,24,4.5,54.22
"GreenLeaf Happen",Electronics,P001248,24,2.86,1233.14
"Zenith Partner",Automotive,P001812,24,4.37,713.74
"Willow Study",Clothing,P000195,24,3.64,72.69
"Acme Far",Books,P001406,24,2.74,10.45
"Acme Information",Electronics,P000754,24,3.88,1511.11
"Astra Cup","Pet Supplies",P001483,24,4.68,77.99
"GreenLeaf Reach",Groceries,P001736,24,2.7,5.66
"Astra Expect",Sports,P001786,24,4.88,48.62
"Solace Color",Groceries,P001228,24,3.8,3.13
"NeoTech Direction",Groceries,P000891,24,3.38,29.68
"GreenLeaf Road",Electronics,P000012,24,3.61,1299.71
"Orion Save",Automotive,P000990,24,4.48,66.52
"Orion Near","Home & Kitchen",P001196,24,4.24,283.47
"NeoTech Food",Groceries,P001218,24,2.9,2.48
"Orion Management",Clothing,P001779,24,4.39,57.54
"Acme Soldier",Clothing,P001495,24,4.3,262.79
"GreenLeaf According",Books,P000525,24,4.3,28.04
"Solace Other","Pet Supplies",P001939,24,4.83,47.96
"Solace Group","Pet Supplies",P001031,24,4.23,82.85
"Everest Example",Beauty,P000596,24,3.2,29.5
"Zenith Rise",Automotive,P000640,24,3.03,130.31
"GreenLeaf News",Books,P000795,24,4.53,44.55
"Solace Miss",Automotive,P001304,24,4.32,375.91
"Astra Free",Beauty,P000617,24,2.5,45.28
"GreenLeaf Sea",Groceries,P001389,24,4.23,20.84
"Everest Indicate","Pet Supplies",P001835,24,4.07,76.86
"Willow Even",Automotive,P001132,24,3.09,694.64
"Orion Head","Pet Supplies",P000909,24,3.86,72.71
"Orion Garden",Groceries,P001571,24,3.89,34.58
"GreenLeaf Everybody",Clothing,P000867,24,3.85,183.87
"NeoTech Third",Books,P001729,24,3.4,67.52
"GreenLeaf Name",Beauty,P001768,24,3.78,29.53
"Acme Two",Beauty,P001154,24,3.96,22.62
"Acme Support",Books,P001881,24,4.7,36.2
"Zenith Natural","Home & Kitchen",P001719,24,3.93,268.64
"Everest Region",Clothing,P000547,24,3.78,207.26
"Harbor Tax",Automotive,P001637,24,3.78,529.06
"GreenLeaf Need",Clothing,P000439,24,4.45,115.37
"GreenLeaf Carry",Clothing,P000809,24,3.92,232.34
"Zenith Glass",Toys,P000863,24,4.12,110.71
"Pulse Third",Books,P000346,24,4.24,51.61
"Orion Night",Groceries,P001082,24,3.12,1.78
"Pulse Near",Electronics,P000192,24,4.88,455.43
"GreenLeaf Green","Pet Supplies",P000408,24,3.72,10.52
"Pulse Major","Home & Kitchen",P001211,24,2.64,9.28
"Orion Push",Books,P001776,24,4.6,56.21
"Orion International",Electronics,P001953,24,4.13,955.5
"Orion Miss",Toys,P001877,24,3.93,63.71
"Orion Western","Home & Kitchen",P001264,24,2.84,97.57
"Pulse Serious",Sports,P000341,24,3.26,53.26
"Harbor Go","Home & Kitchen",P000009,24,4.44,253.18
"GreenLeaf Able","Home & Kitchen",P000551,24,4.03,154.28
"GreenLeaf Somebody",Toys,P001856,24,4.46,69.5
"Pulse A",Sports,P001105,24,3.48,17.57
"Harbor Forget",Clothing,P001276,24,3.35,39.32
"Zenith Way",Toys,P001065,24,4.44,51.94
"Everest In",Toys,P001802,24,2.57,97.72
"Zenith Almost","Home & Kitchen",P000414,24,3.95,63.21
"Willow Walk","Pet Supplies",P000810,24,3.86,58.46
"GreenLeaf Look",Beauty,P001919,24,4.01,40.84
"Everest Nearly",Automotive,P000193,24,4.21,794.73
"Acme Live",Automotive,P000019,24,3.04,225.87
"Orion Surface",Sports,P000112,24,2.69,65.21
"Acme Rich",Sports,P001427,24,3.04,238.36
"NeoTech Develop",Books,P000836,24,2.53,35.24
"Willow At",Sports,P001403,24,2.9,343.39
"Pulse Pass",Books,P000623,24,3.06,52.95
"NeoTech Must",Clothing,P001894,24,2.56,51.65
"Harbor Decade",Sports,P001108,24,4.14,12.42
"Zenith Too",Sports,P000710,24,3.26,110.33
"Harbor Nature",Sports,P000869,24,3.17,146.17
"Acme Personal",Toys,P000669,24,4.88,36.42
"Orion Coach",Electronics,P000653,24,3.41,649.28
"Zenith Might",Groceries,P001029,24,4.43,12.31
"Everest High","Home & Kitchen",P000565,24,3.52,340.5
"NeoTech Beat",Toys,P000147,24,4.29,52.33
"Willow Woman",Beauty,P000129,24,4.55,138.5
"Astra College","Home & Kitchen",P001083,24,3.68,364.29
"Orion And","Pet Supplies",P000086,24,4.63,5.54
"NeoTech Close",Sports,P000530,24,4.17,182.23
"Nimbus Check",Beauty,P000733,24,4.25,97.69
"Everest Manage",Groceries,P001235,24,4.28,11.4
"Solace Policy",Sports,P001025,24,4.79,270.77
"Willow Such",Automotive,P000137,24,2.59,441.37
"Acme Performance",Toys,P000211,24,4.68,104.68
"Zenith Example",Sports,P000603,24,2.79,360.29
"Astra Sea",Automotive,P001987,24,3.23,871.03
"Everest Since",Clothing,P000606,24,4.74,138.24
"Willow Into",Clothing,P001539,24,2.58,103.59
"Astra Brother","Pet Supplies",P000197,24,4.47,20.84
"Everest Movie",Electronics,P001739,24,3.72,738.47
"Solace Or",Groceries,P001915,24,2.99,2.41
"NeoTech Act",Toys,P001328,24,2.57,31.04
"GreenLeaf Voice",Automotive,P001921,24,3.34,124.91
"GreenLeaf Authority",Electronics,P000749,24,4.83,254.08
"Everest Whole","Pet Supplies",P001758,23,2.69,8.07
"Pulse Decide",Electronics,P000859,23,3.51,422.22
"Solace Different","Home & Kitchen",P000454,23,3.58,231.49
"Acme Figure","Home & Kitchen",P001030,23,4.76,263.8
"GreenLeaf Hair",Automotive,P000054,23,4.04,435.87
"Orion Sign",Toys,P000913,23,4.09,32.13
"Harbor Spring",Toys,P000083,23,4.2,126.24
"Pulse Run",Toys,P000654,23,3.74,20.06
"Acme Military","Home & Kitchen",P000921,23,4.8,47.82
"GreenLeaf Remember",Books,P000938,23,2.52,83.52
"Acme Together",Beauty,P000047,23,3.71,94.71
"Everest Cultural",Beauty,P000853,23,4.25,121.17
"Nimbus Memory","Pet Supplies",P000339,23,2.71,93.07
"Solace Environmental",Books,P000786,23,4.41,13.24
"NeoTech Information",Groceries,P001913,23,4.12,7.76
"Willow Radio","Pet Supplies",P001209,23,3.27,8.24
"Everest International",Toys,P001899,23,3.47,49.77
"Orion Off",Electronics,P001821,23,4.32,852.12
"Acme Key","Home & Kitchen",P001486,23,3.04,151.5
"Zenith Building","Pet Supplies",P000456,23,2.83,24.35
"Orion Size",Beauty,P001976,23,3.37,133.71
"Willow Bit",Sports,P001823,23,2.59,215.56
"GreenLeaf Stage",Electronics,P001606,23,4.45,1097.96
"Zenith Red",Books,P001253,23,4.3,42.45
"Everest Great",Sports,P001467,23,4.31,342.98
"Orion Pm",Automotive,P000206,23,4.47,202.11
"Nimbus Head",Toys,P001546,23,3.9,100.3
"Solace Minute",Toys,P001778,23,2.91,10.29
"Acme Appear",Beauty,P000520,23,2.57,161.29
"Solace Star",Toys,P000905,23,4.6,32.73
"Orion Involve",Books,P000091,23,3.44,69.07
"Pulse Indeed",Beauty,P001111,23,3.6,103.67
"Nimbus Last","Home & Kitchen",P001142,23,4.33,114.57
"GreenLeaf Image",Sports,P000865,23,4.82,158.06
"Everest Table",Sports,P000924,23,4.79,122.6
"Harbor Several",Groceries,P000948,23,2.75,21.02
"Acme Happy",Beauty,P000906,23,4.74,26.49
"Orion Ahead",Sports,P000010,23,3.47,235.11
"GreenLeaf Study",Sports,P001457,23,3.33,58.83
"Solace Resource",Toys,P000756,23,2.74,31.72
"NeoTech Clearly",Toys,P001268,23,3.73,50.17
"Willow Message",Electronics,P001542,23,2.52,355.14
"NeoTech Particular","Home & Kitchen",P001378,23,4.61,122.6
"GreenLeaf Discover",Clothing,P000388,23,2.92,252.09
"GreenLeaf Produce",Toys,P000191,23,3.64,47.14
"NeoTech Several",Groceries,P000485,23,2.59,9.97
"Harbor Significant","Home & Kitchen",P001452,23,2.92,505.82
"Pulse Conference","Pet Supplies",P001927,23,2.78,32.11
"Orion Tonight",Books,P000313,23,3.74,70.39
"NeoTech Center","Pet Supplies",P000140,23,3.78,20.93
"GreenLeaf Own",Groceries,P000430,23,4.51,5.35
"Nimbus Lose",Toys,P001120,23,3.87,92.24
"Everest Century",Sports,P000953,23,4.47,163.08
"Orion Capital",Electronics,P001840,23,3.21,567.39
"Astra Protect",Groceries,P001799,23,3.11,20.77
"Everest Budget",Electronics,P001872,23,3.3,1217.83
"Willow Continue",Beauty,P000747,23,3.83,126.37
"Willow Student","Pet Supplies",P000657,23,3.47,23.33
"Harbor Size",Books,P000925,23,4.76,19.35
"GreenLeaf Last","Pet Supplies",P001363,23,4.68,13.6
"NeoTech Build",Clothing,P000722,23,4.57,104.02
"Solace Institution",Beauty,P001607,23,2.94,65
"Orion Gas",Beauty,P000125,23,4.01,59.55
"Pulse Real",Groceries,P000900,23,3.35,21.1
"Astra Happen",Beauty,P001465,23,4.21,111.79
"Astra Style",Books,P000715,23,2.56,49.84
"Astra Remain",Beauty,P001955,23,4.88,124.68
"Everest Television",Automotive,P001959,23,2.99,120.33
"Pulse Month",Groceries,P000321,23,3.67,8.99
"Acme Book",Automotive,P001555,23,3.46,238.08
"Orion Film",Clothing,P000403,23,2.55,74.66
"Solace Future",Books,P000505,23,3.71,42.15
"Zenith Wait",Sports,P001174,23,3.43,30.81
"NeoTech Member",Toys,P001697,23,4.67,20.71
"GreenLeaf Guess",Sports,P001771,23,4.36,120.32
"NeoTech Bring",Electronics,P000927,23,3.35,1206.17
"Zenith Sit","Pet Supplies",P001151,23,4.52,32.07
"Acme Pattern",Books,P000117,23,4.75,20.8
"Zenith White",Clothing,P000120,23,2.8,176.19
"Nimbus Goal",Books,P000291,23,4.89,50.3
"Everest Team",Electronics,P000220,23,3.14,184.85
"Zenith Small",Electronics,P000508,23,3.97,177.88
"Astra Idea",Beauty,P000959,23,3.46,71.72
"Nimbus Drug",Automotive,P001305,23,2.69,864.19
"Astra Remain",Groceries,P000419,23,3.73,18.47
"Zenith Stay",Groceries,P001710,23,4.86,16.58
"Everest Figure",Automotive,P000034,23,3.87,260.02
"Solace Support",Toys,P001623,23,3.49,82.98
"Orion Blood",Beauty,P001833,23,4,88.37
"Orion City",Beauty,P000543,23,4.56,115.63
"Everest Develop",Clothing,P001569,23,4.46,51.05
"Nimbus Return",Electronics,P001685,23,4.15,319.15
"NeoTech Property",Books,P001704,23,4.32,83.51
"Harbor Almost","Pet Supplies",P001444,23,2.83,39.6
"Orion Coach",Electronics,P001859,23,4.55,1011.71
"Everest Miss",Automotive,P000730,23,2.92,570.57
"Willow Her",Toys,P001664,23,3.09,44.59
"Everest As",Clothing,P000088,23,4.29,78.11
"Nimbus Somebody",Sports,P000882,23,4.55,215.65
"Willow Military",Books,P000593,23,4.79,82.84
"Zenith Wrong",Beauty,P001285,23,3.18,29.9
"Zenith Memory",Clothing,P001171,23,3.46,208.75
"Orion Former",Toys,P001473,23,3.14,88.39
"NeoTech Although",Beauty,P001932,23,2.53,87.46
"GreenLeaf Whatever",Toys,P001019,23,3.61,81.68
"GreenLeaf Even",Books,P001249,23,3.41,48.72
"Astra A",Toys,P000969,23,2.74,12.65
"Zenith Catch","Home & Kitchen",P001885,23,2.76,215.62
"Harbor Act",Beauty,P001481,23,4.23,166.37
"Harbor Pick",Toys,P001296,23,3.58,14.7
"Nimbus Possible",Clothing,P001910,23,3.13,76.19
"GreenLeaf Later",Electronics,P000418,23,3.87,1413.41
"Zenith Follow",Clothing,P000217,23,3.68,101.57
"Willow Society","Home & Kitchen",P000546,23,2.57,292.19
"Pulse Claim",Toys,P000627,23,3.09,45.74
"Orion Coach",Books,P001880,23,2.93,55.14
"Solace Ready",Electronics,P000697,23,3.95,1176
"Acme Paper",Sports,P001062,23,2.67,90.37
"Astra One",Groceries,P000056,23,2.89,16.78
"NeoTech Interesting","Home & Kitchen",P000690,23,3.32,368.82
"Nimbus At",Beauty,P001122,23,2.56,13.85
"GreenLeaf Race",Groceries,P001905,23,3.34,3.32
"Harbor Difference",Books,P000156,23,4.34,51.52
"Acme Those",Toys,P001651,23,3.57,109.53
"Orion Identify",Books,P001306,23,3.82,31.28
"Astra Protect",Toys,P000171,23,3.24,47.33
"Everest Particularly",Sports,P000687,23,3.24,158.55
"Zenith Security",Clothing,P001782,23,4,66.11
"Nimbus Us",Toys,P001200,23,3.88,134.65
"Pulse Both",Groceries,P001846,23,3.45,14.3
"Willow Old",Automotive,P001999,23,2.75,116.13
"Orion Manage",Books,P001893,23,3.65,24.22
"Zenith Lot",Clothing,P001046,23,3.31,157.61
"Everest Image",Beauty,P000283,23,4.42,42.47
"Nimbus You",Sports,P000581,23,3.12,307.54
"Astra Federal",Books,P000420,23,4.38,38.79
"Acme Factor",Electronics,P000716,23,4.48,273.91
"Solace Let",Clothing,P001087,23,2.58,220.52
"Astra Compare",Books,P001681,23,2.81,6.08
"Zenith Reduce","Home & Kitchen",P001515,23,3.99,40.8
"Willow Eat",Beauty,P000868,23,3.37,131.16
"GreenLeaf Different",Automotive,P001666,23,4.33,140.52
"Willow Entire",Groceries,P001566,23,3.59,23.71
"Solace High",Books,P001271,23,3.22,83.6
"Harbor Close",Sports,P001918,23,3.93,103.58
"NeoTech Fill","Home & Kitchen",P000366,23,3.23,242.13
"Nimbus Analysis",Groceries,P000599,23,4.41,11.71
"Solace Discuss",Sports,P001178,23,2.98,237.68
"Nimbus Court",Beauty,P001274,23,4.17,83.98
"Willow Result",Electronics,P001527,23,3.87,2035.42
"Acme Wide","Pet Supplies",P000987,23,3.89,66.46
"Astra Thing",Electronics,P001914,23,3.37,948.69
"NeoTech Not",Electronics,P000186,23,3.7,231.15
"Willow Very",Beauty,P000866,23,3.08,74.5
"Astra Democrat",Electronics,P000527,23,2.99,554.93
"Nimbus Bar",Books,P001559,23,3.87,42.48
"NeoTech Throughout",Beauty,P001803,23,2.71,73.01
"Everest College",Toys,P001299,23,4.85,84.37
"Solace Discover",Groceries,P000798,23,2.8,26.15
"Solace News",Automotive,P001422,23,3.23,660.72
"Acme Half",Books,P001863,23,3.35,59.15
"Willow Data",Sports,P001321,23,3.32,27.24
"Zenith Large",Clothing,P001077,23,2.88,114.4
"Harbor Foot",Sports,P001241,23,3,14.81
"Willow Hear",Books,P001995,23,3.27,51.75
"Pulse From",Toys,P000472,23,4.52,40.79
"NeoTech Clear","Pet Supplies",P001286,23,4.55,63.38
"Nimbus Radio",Books,P000658,23,2.73,60.39
"Harbor Source",Clothing,P000996,23,4.64,54.74
"Astra Purpose",Books,P000988,23,4.3,79.42
"Nimbus Everything","Pet Supplies",P000637,22,3.47,4.87
"Pulse Understand","Home & Kitchen",P001655,22,4.09,75.5
"Zenith Management","Home & Kitchen",P001712,22,3.55,260.48
"Solace Car",Clothing,P000614,22,3.3,135.38
"Nimbus Bag",Beauty,P000952,22,4.55,70.34
"Nimbus Garden",Beauty,P001671,22,4.12,8.06
"Pulse Paper",Toys,P000903,22,3.18,85.46
"NeoTech Son",Beauty,P001134,22,4.35,145.87
"Nimbus Foot",Sports,P001868,22,4.4,299.8
"Harbor Other",Books,P000713,22,4.4,31.39
"Astra Understand",Automotive,P000382,22,3.04,466.25
"Nimbus Night",Books,P000100,22,4.01,53.39
"NeoTech Turn","Home & Kitchen",P001996,22,4.28,69.46
"Harbor Discover",Books,P001512,22,4.22,51.45
"GreenLeaf Significant",Sports,P000474,22,3.01,283.17
"NeoTech Cost",Beauty,P000335,22,3.81,93.49
"Pulse Scene",Books,P001443,22,4.42,28.43
"Acme Provide",Books,P000635,22,3.14,14.99
"Orion Debate",Electronics,P000467,22,2.94,712.19
"Astra Else",Automotive,P000224,22,2.52,88.96
"Orion Response",Beauty,P001314,22,3.94,81.49
"Zenith Nation",Books,P000609,22,4.81,42.5
"NeoTech Make",Sports,P001683,22,4.54,71.52
"Zenith Society",Sports,P001491,22,4.47,153.2
"Acme Road","Home & Kitchen",P001827,22,2.91,125.56
"Orion Take",Books,P000450,22,3.76,15.69
"Orion Interest",Groceries,P000568,22,3.95,16.79
"Solace Around",Beauty,P000728,22,2.92,34
"Nimbus Subject","Home & Kitchen",P000392,22,3.15,387.23
"Willow May","Home & Kitchen",P000127,22,3.44,255.94
"Zenith Team","Pet Supplies",P001193,22,4.08,26.76
"Everest Coach",Beauty,P001928,22,3.02,31.95
"Acme Vote","Pet Supplies",P000348,22,4.39,47.14
"Astra Kitchen",Toys,P001954,22,2.63,26.54
"Willow Room","Pet Supplies",P000062,22,2.85,52.54
"Harbor Case",Beauty,P001028,22,4.5,150.45
"Willow Forget",Clothing,P001787,22,4.45,160.19
"Orion Thought",Clothing,P000870,22,3.32,132.71
"NeoTech Knowledge",Books,P001222,22,2.57,38.21
"Zenith Town",Electronics,P001397,22,2.94,513.63
"Everest Side",Sports,P000675,22,4.47,192.22
"Harbor Be",Clothing,P001212,22,2.51,49.21
"Zenith Control",Toys,P001726,22,4.41,25.89
"Nimbus South","Home & Kitchen",P001635,22,2.84,207.67
"Everest Really",Beauty,P001217,22,3.88,96.55
"NeoTech Nature",Clothing,P001386,22,2.89,181.88
"Pulse Drop",Clothing,P001152,22,3.69,79.18
"Nimbus More",Groceries,P001943,22,3.29,30.26
"Harbor Much","Pet Supplies",P001459,22,2.59,30.01
"Acme Whom","Pet Supplies",P000800,22,4.44,24.98
"Orion Attack",Automotive,P001678,22,4.03,627.99
"Zenith Something",Groceries,P001754,22,2.68,1.78
"GreenLeaf End",Electronics,P001742,22,3.93,814.3
"GreenLeaf Mean",Clothing,P000850,22,4.88,60.83
"Everest Network",Groceries,P000763,22,2.93,19.51
"Harbor Wind","Pet Supplies",P000768,22,2.66,50.78
"Astra Water",Automotive,P001117,22,2.58,894.8
"Harbor Visit",Automotive,P001341,22,3.2,741.92
"Acme So",Toys,P001109,22,2.98,33.05
"Everest Child",Sports,P001811,22,2.53,197.07
"Pulse Join",Clothing,P001624,22,4.64,50.81
"Astra Maintain",Toys,P000184,22,4.49,21.38
"Zenith What",Beauty,P000057,22,3.32,73.71
"GreenLeaf Likely","Pet Supplies",P001340,22,4.54,70.7
"Zenith Enter",Automotive,P001064,22,3.9,260.64
"Acme Whether",Automotive,P000790,22,3.06,359.12
"Solace Section","Home & Kitchen",P001336,22,2.76,260.9
"Acme Sense",Beauty,P001361,22,4.48,33.11
"GreenLeaf Couple","Home & Kitchen",P000879,22,2.8,134.17
"Pulse Born",Automotive,P000386,22,3.61,495.1
"Nimbus Many","Home & Kitchen",P001240,22,4.33,470.89
"Orion Give",Clothing,P001963,22,3.84,172.17
"Pulse Establish","Pet Supplies",P001972,22,2.93,38.53
"GreenLeaf Glass",Electronics,P001731,22,4.48,798.6
"Nimbus Sound",Books,P001476,22,3.87,22.36
"NeoTech Later",Toys,P000896,22,3,78.36
"Orion Total",Clothing,P001490,22,3.02,158.04
"Willow Back",Sports,P000901,22,3.36,97.59
"Harbor Draw",Toys,P001522,22,4.64,43.7
"Harbor Goal",Sports,P001649,22,4.07,361.55
"Pulse Miss",Beauty,P000727,22,3.13,133.58
"Harbor None","Pet Supplies",P000782,22,3.56,35.82
"Solace Change",Clothing,P000402,22,4.06,108.39
"Harbor Picture",Electronics,P001605,22,3.12,492.64
"Acme Bank",Beauty,P000796,22,2.66,26.1
"Zenith Film",Sports,P000257,22,3.22,220.65
"Solace Will","Pet Supplies",P001911,22,3.95,72.64
"Zenith Rich",Electronics,P001587,22,4.34,658.35
"Astra Pressure","Home & Kitchen",P000143,22,2.52,96.76
"Nimbus Threat",Sports,P000516,22,4.64,253.68
"Willow Pressure",Toys,P001461,22,3.54,83.14
"GreenLeaf Common","Pet Supplies",P000015,22,3.5,58.15
"Zenith Price",Books,P001162,22,4.81,99.26
"Astra Capital","Home & Kitchen",P000005,22,3.97,198
"Everest Number",Beauty,P001903,22,3.85,184.43
"Acme Room",Electronics,P000315,22,4.3,1620.72
"Acme Mention","Pet Supplies",P001004,22,3.13,12.81
"Pulse Sell",Clothing,P000766,22,4.44,22.48
"Acme Such",Sports,P001902,22,3.45,165.59
"Acme Air",Electronics,P000212,22,3.44,246.31
"Zenith Control",Electronics,P000569,22,4.05,925.17
"GreenLeaf Hear",Groceries,P001805,22,2.55,11.37
"Zenith Partner",Automotive,P000299,22,3.06,291.45
"Astra Future","Pet Supplies",P001945,22,3.31,85.2
"Orion Risk",Groceries,P000521,22,2.87,14.09
"Solace Foreign",Electronics,P001824,22,3.48,1233.6
"Solace Scene",Clothing,P001591,22,4.5,24.97
"Zenith Need",Electronics,P000349,22,3.07,474.22
"Everest It",Beauty,P000703,22,3.97,26.39
"Zenith Within",Clothing,P000209,22,3.2,144.55
"Willow Group","Pet Supplies",P001659,22,2.82,20.65
"Zenith Again",Toys,P001110,22,4.4,143.9
"Nimbus Investment",Sports,P001100,22,3.8,322.77
"Pulse Voice","Pet Supplies",P001780,22,2.65,49.73
"Harbor Himself",Books,P001938,22,4.66,8.05
"Everest Represent","Pet Supplies",P000698,22,2.72,48.4
"Willow Wall",Automotive,P001789,22,4.48,409.61
"Nimbus Difficult",Groceries,P001662,22,3.83,25.06
"Harbor Strong",Automotive,P000659,22,3.5,501.37
"Willow Position","Pet Supplies",P000318,22,4.25,91.92
"GreenLeaf Give",Sports,P001394,22,2.58,171.06
"Pulse Idea",Books,P000548,22,2.83,46
"Everest Some",Groceries,P000964,22,2.89,32.78
"GreenLeaf Visit",Toys,P000608,22,4.89,42.74
"NeoTech Position",Books,P000289,22,4.84,68.32
"Harbor Reach","Pet Supplies",P001967,22,2.83,18.89
"Willow Event",Toys,P000351,22,3.52,84.8
"GreenLeaf Job",Groceries,P000693,22,2.84,1.11
"Solace Through",Automotive,P000718,22,3.56,384.4
"GreenLeaf Know",Clothing,P001144,22,3.72,96.51
"GreenLeaf West",Groceries,P000072,22,3.02,39.59
"NeoTech Week",Sports,P001603,22,4.4,233.45
"Nimbus Financial",Electronics,P000807,22,3.41,1205.1
"Willow Film",Electronics,P001770,22,4.17,811.5
"Everest Air",Sports,P000306,22,2.86,199.78
"Nimbus Hold",Books,P001609,22,2.55,29.15
"Everest Mrs",Books,P001865,22,3.49,46.77
"Zenith Performance","Pet Supplies",P000837,22,4,81.32
"Nimbus Table",Sports,P001956,22,2.52,300.07
"Harbor One",Automotive,P001700,22,2.52,601.59
"Orion Ahead",Electronics,P001674,22,4.49,786.4
"Willow Because",Automotive,P000246,22,3.89,216.58
"Everest Few",Groceries,P001425,22,2.9,11.44
"Astra Later",Automotive,P000945,22,4.2,687.01
"NeoTech Second",Toys,P000844,22,3.42,31.98
"Astra Reveal",Books,P000399,22,4.29,37.4
"Willow Leader","Home & Kitchen",P000815,22,4.76,408.71
"Zenith Air","Pet Supplies",P000576,22,4.48,9.8
"Orion Machine",Books,P000981,22,3.74,30.59
"Everest Run",Books,P001858,22,4.3,54.55
"Solace Hundred","Pet Supplies",P001148,22,4.4,51.8
"Everest Child","Home & Kitchen",P001163,22,3.81,103.97
"Solace Practice",Beauty,P001998,22,4.73,105.48
"Acme Year","Home & Kitchen",P000847,22,3.57,165.89
"GreenLeaf Learn",Beauty,P000504,22,3.27,111.42
"Solace Part","Pet Supplies",P001194,22,3.43,15.63
"Willow Cultural",Clothing,P000101,22,2.69,32.69
"Harbor Avoid",Groceries,P001085,22,3.4,16.71
"Nimbus Attorney","Home & Kitchen",P001426,22,2.99,187.75
"Everest Scientist","Home & Kitchen",P000305,22,3.75,295.31
"Harbor Last",Toys,P001224,22,3.62,108.97
"Solace Particular","Pet Supplies",P000372,22,4.07,100.33
"Zenith Church","Pet Supplies",P000286,22,2.85,39.15
"Pulse Thing",Beauty,P001686,21,3.74,134.71
"GreenLeaf Feel","Home & Kitchen",P001916,21,4.31,286.99
"Acme Attack",Toys,P000787,21,2.69,62.47
"Harbor Reduce",Groceries,P000253,21,3.4,46.4
"NeoTech Interesting",Automotive,P001503,21,2.94,126.6
"Harbor Action",Beauty,P000695,21,4.79,35.1
"Solace Small",Toys,P001577,21,4.37,11.62
"Astra Speak","Pet Supplies",P001535,21,4.68,48.09
"Astra Hear","Home & Kitchen",P000262,21,3.66,186.4
"Nimbus Before","Home & Kitchen",P001968,21,3.67,375.68
"Pulse Letter",Electronics,P000354,21,4.43,1387.39
"Solace Song",Electronics,P000814,21,4.11,680.15
"Solace Official",Books,P000345,21,2.74,62.17
"Harbor Where",Toys,P001355,21,4.76,62.74
"Acme Mind",Clothing,P000826,21,4.38,26.79
"Acme Miss",Electronics,P001020,21,2.58,917.59
"Astra Tend",Beauty,P001352,21,3.92,68.39
"Zenith Necessary",Electronics,P001628,21,2.58,473.62
"Nimbus Line","Home & Kitchen",P001407,21,2.87,218.95
"Acme May",Beauty,P001447,21,4.23,26.07
"Willow Early",Toys,P001199,21,2.6,5.53
"Acme Marriage",Electronics,P001793,21,3.47,896.38
"Nimbus Raise","Home & Kitchen",P001058,21,4.53,98.25
"Harbor Miss",Beauty,P000222,21,3.26,21.85
"Nimbus Congress",Clothing,P000466,21,2.61,76.15
"NeoTech Husband",Books,P000249,21,2.84,64.76
"Zenith Dog",Clothing,P000605,21,4.32,83.17
"Everest Even",Beauty,P001648,21,2.53,124.31
"NeoTech Team","Home & Kitchen",P001135,21,3.57,82.68
"Everest Organization",Beauty,P001819,21,2.73,69.22
"Solace Time",Groceries,P000812,21,2.8,24.2
"Astra Woman",Clothing,P001696,21,3.15,313.72
"Zenith Although",Sports,P000898,21,4.42,116.26
"Astra Leader",Beauty,P000750,21,4.56,44.38
"Solace His",Beauty,P000580,21,4.43,134.99
"Orion Among",Toys,P001175,21,3.78,22.4
"NeoTech My",Automotive,P001433,21,2.76,155.2
"Nimbus Enough",Sports,P001213,21,4.8,12.47
"Nimbus Black",Books,P001333,21,3.56,25.77
"Orion Group",Electronics,P000910,21,3.44,2337.85
"Acme Recently",Groceries,P001170,21,4.58,30.76
"NeoTech Write",Electronics,P001961,21,3.18,1038.94
"Harbor Forward",Clothing,P001287,21,3.7,126.29
"Pulse Act",Groceries,P000752,21,2.64,3.57
"Willow Dark","Pet Supplies",P001502,21,3.29,71.02
"Orion And",Sports,P000557,21,2.73,167.07
"Pulse Study",Clothing,P000776,21,3.81,41.51
"Solace Professional",Sports,P001690,21,4.19,257.99
"Nimbus Affect",Books,P000755,21,3.69,39.34
"Acme Financial",Groceries,P000326,21,4,2.75
"NeoTech Collection",Sports,P001530,21,2.51,125.28
"GreenLeaf Character",Sports,P001562,21,3.87,184.98
"Zenith Anyone","Pet Supplies",P001202,21,4.09,63.61
"Everest Drive",Toys,P000949,21,4.12,19.68
"Astra Owner",Electronics,P001375,21,2.52,1993.95
"Pulse Sea",Automotive,P000886,21,4.79,886.77
"Astra Grow",Sports,P000404,21,4.61,208.05
"Nimbus Successful","Pet Supplies",P000612,21,4.59,92.36
"Nimbus Computer",Beauty,P000098,21,3.94,63.31
"Willow Including",Beauty,P000899,21,3.57,97.78
"Harbor Resource","Home & Kitchen",P001727,21,3.52,228.38
"NeoTech Town",Automotive,P001468,21,2.7,212.1
"Astra Community",Toys,P000065,21,4.26,32.09
"Willow Around",Beauty,P001056,21,4.42,32.02
"Solace Tv",Automotive,P001541,21,3.93,636.16
"Zenith Board",Beauty,P001518,21,2.94,128.53
"GreenLeaf Front",Toys,P001948,21,4.74,39.02
"Harbor Agree",Clothing,P001658,21,3.92,20.37
"Acme Black",Toys,P000661,21,4.03,10.61
"Zenith Choice","Home & Kitchen",P001307,21,4.12,373.9
"Orion Smile",Clothing,P000813,21,2.69,205.74
"Acme Cause",Books,P000182,21,2.83,9.27
"Orion Make",Clothing,P001931,21,3.91,40.77
"Harbor Coach","Home & Kitchen",P001604,21,2.59,104.38
"Astra Well",Clothing,P000230,21,2.63,174.94
"Nimbus Whose",Automotive,P000885,21,4.33,606.7
"GreenLeaf Reflect",Books,P000333,21,2.97,32.42
"Willow Recent",Automotive,P000846,21,3.51,226.36
"GreenLeaf Pull",Books,P000591,21,4.65,55.44
"Solace School",Clothing,P001155,21,4.06,175.11
"Astra Animal",Automotive,P001974,21,4,282.64
"Everest Interesting",Clothing,P000109,21,4.31,188.18
"Astra Mean",Electronics,P001421,21,4.41,371.46
"Willow Service",Sports,P001456,21,2.92,77.63
"NeoTech Method",Toys,P000421,21,3.83,121.71
"Zenith Their",Electronics,P001049,21,3.71,1599.98
"Willow Discuss",Clothing,P000943,21,4.18,111.58
"Zenith Color",Automotive,P000376,21,2.6,549.81
"Orion Such",Automotive,P000134,21,4.06,495.76
"Orion Method",Clothing,P001469,21,2.85,88.87
"Pulse Chair",Sports,P001520,21,4.43,205
"Acme Store",Automotive,P000387,21,3.9,435.72
"Orion Thus",Electronics,P000400,21,2.58,423.67
"Acme Boy",Toys,P000394,21,3.4,113.67
"NeoTech Weight",Electronics,P000161,21,3.42,701.36
"Acme Special",Groceries,P000082,21,4.56,2.92
"Pulse Boy",Sports,P000457,21,4.35,33
"Acme Cause",Sports,P000998,21,4.31,57.46
"Astra Marriage",Groceries,P001705,21,4.16,10.96
"Willow Production",Automotive,P000931,21,3.34,273.71
"Solace Six",Clothing,P000223,21,3.95,56.92
"GreenLeaf Medical",Toys,P000148,21,2.9,68.12
"Harbor Else",Electronics,P001589,21,3.7,175.72
"GreenLeaf Into",Toys,P001233,21,3.96,49.59
"Zenith Husband",Toys,P001246,21,4.64,31.98
"Zenith Baby",Groceries,P000894,21,3.86,36.53
"NeoTech Outside",Beauty,P001670,21,2.78,110.43
"Solace Tough","Home & Kitchen",P000585,21,4.44,44.29
"Solace Throw","Home & Kitchen",P001310,21,3.53,195.3
"Acme View",Automotive,P000783,21,3.39,134.24
"Orion Structure",Sports,P000673,21,2.63,224.01
"Orion Democrat","Home & Kitchen",P000567,21,2.9,190.38
"Pulse Consider",Groceries,P000957,21,3.49,20.31
"Orion Television","Pet Supplies",P000327,21,3.38,98.15
"Solace Travel",Automotive,P000276,21,4.64,297.47
"Orion Speech",Electronics,P000323,21,4.6,694.32
"Everest Stock",Sports,P001167,21,3.44,294.72
"Everest National",Beauty,P000554,21,3.37,157.02
"GreenLeaf Into",Electronics,P001895,21,4,418.78
"Solace Hundred","Pet Supplies",P001437,21,2.95,47.35
"Astra Road",Automotive,P000028,21,2.56,313.89
"Zenith War",Beauty,P001207,21,3.88,28.52
"Astra Computer",Beauty,P000574,21,2.74,121.03
"NeoTech Camera",Automotive,P001615,21,3.79,74.61
"Nimbus Next",Toys,P000459,21,3.01,74.6
"Zenith Hope","Home & Kitchen",P000243,21,3.22,159.88
"Everest Dog","Home & Kitchen",P001395,21,4.17,269.98
"Solace With","Pet Supplies",P000190,21,3.25,34.94
"Nimbus Surface",Beauty,P000410,21,3.1,83.41
"Zenith Strong","Pet Supplies",P000831,21,3.21,24.43
"Harbor College","Home & Kitchen",P001621,21,4.76,15.11
"Astra Key",Electronics,P001484,21,3.43,475.65
"Willow We",Automotive,P001385,21,4.02,710.57
"Nimbus City",Automotive,P000735,21,3.45,639.96
"Pulse Site",Books,P000571,21,3.58,40.7
"Acme Pm",Clothing,P001007,21,3.84,182.33
"Acme Show",Clothing,P001643,21,3.63,58.73
"Harbor Significant",Sports,P001600,21,3.62,28.77
"Harbor Return",Electronics,P001504,21,3.12,1206.27
"GreenLeaf Day",Clothing,P001698,21,4.17,142.7
"Willow Fall","Pet Supplies",P000108,21,4.19,41.44
"Zenith Leader",Toys,P000528,21,4.14,29.55
"Orion Approach","Pet Supplies",P000037,21,3.06,44.4
"Zenith Rate","Pet Supplies",P000553,21,3.9,132.7
"Zenith Together","Pet Supplies",P000302,21,4.42,47.73
"Pulse Lose",Electronics,P001485,21,4.58,850.61
"Acme Here",Electronics,P001711,21,2.77,929.73
"Harbor Two",Books,P000103,21,2.7,13.77
"Acme Answer",Clothing,P001295,21,4.68,80.66
"Acme Cold",Electronics,P000160,21,2.73,259.69
"GreenLeaf Century",Clothing,P000700,21,2.87,186.13
"GreenLeaf Ask",Beauty,P000157,21,4.02,195.21
"Willow Stuff",Beauty,P001161,21,3.63,12.66
"Orion Last","Pet Supplies",P000204,21,2.77,112.83
"Acme Consumer",Groceries,P000597,21,4.72,13.5
"NeoTech Toward",Sports,P001277,21,2.81,422.63
"GreenLeaf Simply",Beauty,P000163,21,3.84,31.44
"Pulse Behavior",Beauty,P001528,21,3.09,150.71
"Everest System","Home & Kitchen",P001317,21,2.74,13.72
"Nimbus Key",Automotive,P001552,21,3.66,27.47
"Zenith About",Automotive,P000025,21,4.02,631.84
"GreenLeaf Indicate",Groceries,P001632,21,3.1,15.64
"Zenith Run",Electronics,P000174,21,3.09,960.74
"Pulse The",Books,P000031,21,3.37,37.01
"GreenLeaf Green",Automotive,P001797,21,3.37,187.99
"Pulse Something","Pet Supplies",P000334,21,4.19,84.07
"NeoTech Market",Beauty,P001053,21,2.79,108.8
"GreenLeaf If",Toys,P001926,21,4.38,47.03
"Willow Approach",Clothing,P000071,21,3.76,138.82
"Pulse Care",Automotive,P000153,21,2.6,147.47
"Astra Shake",Beauty,P000447,21,4.31,127.26
"Harbor Return",Electronics,P001146,21,4.69,697.07
"Solace Per","Home & Kitchen",P000979,21,3.53,23.87
"GreenLeaf Age",Books,P001223,21,4.18,46.87
"Astra Model",Sports,P000240,21,2.91,13.49
"Orion Down",Toys,P000785,21,2.82,111.12
"Nimbus Wide","Pet Supplies",P001901,21,3.94,94.59
"Zenith Protect","Home & Kitchen",P001747,21,4.57,103.92
"Harbor Production",Clothing,P001350,21,3.55,75.16
"Willow Experience",Electronics,P001229,21,4.21,1477.45
"Zenith Within",Clothing,P000478,21,2.66,199.79
"Acme Significant",Clothing,P000043,21,3.66,148.55
"Acme Them","Pet Supplies",P000688,21,2.63,27.23
"NeoTech Change",Groceries,P000923,21,4.04,6.52
"GreenLeaf History",Books,P000595,21,4.29,100.62
"GreenLeaf Improve",Toys,P001857,20,3.23,92.99
"Astra Without",Clothing,P001301,20,2.87,114.51
"NeoTech Mind",Electronics,P001724,20,3.62,846.61
"Solace Administration",Toys,P001636,20,3.1,16.95
"Acme Radio",Sports,P000916,20,3.17,81.74
"Solace Actually","Pet Supplies",P001694,20,4.83,34.17
"Zenith He","Home & Kitchen",P000926,20,4.28,19.4
"Pulse Baby",Electronics,P001732,20,2.63,417.15
"Everest According",Books,P000314,20,4.76,79.29
"Orion However","Pet Supplies",P000079,20,3.22,71.29
"Harbor Recent",Books,P000041,20,2.87,94.35
"Everest Short",Groceries,P000607,20,4.06,9.32
"Acme Think",Books,P001947,20,3.11,78.16
"Harbor Whole",Books,P002000,20,4.17,64.11
"Everest Reach",Beauty,P001509,20,3.6,30.09
"Orion Skill",Beauty,P001318,20,4.66,66.97
"Everest Difference",Automotive,P000373,20,4.65,390.56
"Astra Hundred",Electronics,P000357,20,3.6,1423.47
"GreenLeaf About","Home & Kitchen",P001032,20,4.81,183.58
"Willow Somebody",Books,P001986,20,3.49,65.24
"Willow Use",Automotive,P000537,20,3.1,64.45
"Nimbus Learn",Beauty,P000929,20,3.92,69.43
"Orion Clearly",Automotive,P000679,20,2.52,496.78
"Pulse Seem",Beauty,P001015,20,2.7,28.49
"Zenith Firm",Electronics,P001513,20,3.66,720.05
"Astra Anyone",Electronics,P000014,20,3.67,99.56
"NeoTech Society",Sports,P000135,20,3.85,49.41
"Astra Make",Automotive,P000085,20,3.21,462.62
"Zenith Citizen","Pet Supplies",P000359,20,4.83,31.35
"Astra Process","Pet Supplies",P001898,20,3.76,131.29
"Pulse Determine",Books,P000483,20,2.96,2.83
"Astra My","Home & Kitchen",P000701,20,3.07,349.01
"NeoTech Major",Books,P000048,20,4.69,70.33
"Astra Avoid",Beauty,P001423,20,4.26,56.11
"Orion View",Clothing,P000729,20,3.89,49.66
"Zenith Gas","Pet Supplies",P000470,20,3.43,59.91
"Acme Figure",Groceries,P000296,20,2.68,21.18
"NeoTech Heart",Books,P001273,20,3.1,9.74
"Harbor Eye",Books,P001435,20,4.58,36.92
"Zenith Case",Books,P001550,20,3.92,19.19
"Pulse Reveal",Beauty,P001937,20,4,159.29
"Pulse Goal","Home & Kitchen",P000922,20,4.5,140.3
"Pulse Manage",Beauty,P000493,20,2.53,113.45
"Willow Economy",Beauty,P000092,20,3.31,177.95
"Willow Exactly",Clothing,P000535,20,4.14,62.96
"NeoTech Personal",Clothing,P001820,20,3.49,90.19
"Everest Modern",Books,P000946,20,2.89,35.56
"Everest Black",Electronics,P000458,20,4.82,982.1
"Harbor Probably",Automotive,P000840,20,4.09,548.83
"Harbor Reflect",Beauty,P001798,20,3.05,116.24
"Acme Account",Electronics,P000264,20,3.07,1006.47
"Pulse Certainly",Toys,P001404,20,4.74,95.08
"Astra Present",Groceries,P000379,20,3.2,12.81
"Nimbus Process",Electronics,P000272,20,4.73,570.1
"Acme Drug","Pet Supplies",P001618,20,3.7,43.35
"Harbor Crime",Toys,P000804,20,2.7,72.33
"Astra Who",Books,P001256,20,2.93,46.57
"Pulse Mr",Beauty,P000364,20,3.61,41.57
"NeoTech Our",Electronics,P001979,20,2.76,662.22
"Astra Support",Clothing,P001411,20,3.58,52.89
"NeoTech Occur",Toys,P001337,20,4.18,84.48
"Nimbus From",Electronics,P001630,20,3.98,1519.49
"Harbor Eat",Clothing,P001593,20,4.17,181.12
"Astra Study",Toys,P001188,20,3.4,61.06
"Nimbus Prevent",Automotive,P001814,20,2.62,566.53
"Pulse Rise",Electronics,P000977,20,4.25,1131.3
"Zenith Begin",Electronics,P001141,20,2.72,363.12
"Acme School",Books,P000835,20,4.28,17.57
"Harbor Discuss",Groceries,P001255,20,2.93,37.59
"NeoTech Admit",Electronics,P001532,20,4.65,137.82
"Everest Opportunity",Groceries,P000444,20,2.63,28.92
"Harbor By",Electronics,P000666,20,3.72,367.54
"Acme Blood",Groceries,P001429,20,3.04,17.5
"NeoTech Watch",Books,P001935,20,3.83,77.28
"Harbor Risk",Groceries,P000895,20,3.55,34.1
"Pulse Worry",Automotive,P001969,20,3.09,734.96
"Zenith List","Home & Kitchen",P000541,20,3.9,102.1
"Solace Peace",Sports,P001166,20,4.26,61.86
"Willow Front",Books,P001929,20,4.04,90.65
"Pulse Range",Automotive,P000685,20,4.81,113.14
"Solace Something",Electronics,P000358,20,4.03,1001.67
"Orion Particularly",Clothing,P001374,20,4.35,92.28
"Harbor Authority",Toys,P000073,20,3.99,46.81
"NeoTech Identify","Pet Supplies",P000772,20,2.61,85.27
"Acme Option","Home & Kitchen",P000833,20,4.32,63.08
"Zenith Great",Toys,P000081,20,4.15,13.12
"GreenLeaf Single",Groceries,P000989,20,3.1,16.74
"Willow Need",Electronics,P001892,20,4.71,1287.95
"Harbor Today",Clothing,P000823,20,4.21,247.47
"Orion Whatever",Electronics,P000355,20,4.02,577.93
"Pulse The",Toys,P000205,20,3.51,68.81
"Zenith Live","Pet Supplies",P001933,20,3.77,86.02
"Pulse Kitchen",Clothing,P000150,20,2.59,70.84
"Nimbus Those",Beauty,P000517,20,4.31,60.55
"Astra Take",Groceries,P001774,20,4.02,22.01
"Nimbus Yard",Automotive,P000020,20,2.75,492.81
"GreenLeaf Old",Books,P001103,20,4.09,117.92
"Harbor Meeting","Pet Supplies",P000914,20,4.21,97.63
"Acme Institution",Books,P001159,20,2.67,18.26
"Orion Position","Home & Kitchen",P001147,20,4.82,62.75
"Pulse Together",Toys,P001553,20,2.85,37.23
"Acme Stock","Home & Kitchen",P000116,20,2.95,128.31
"Willow Interesting",Toys,P001010,20,2.83,69.15
"Zenith Religious",Clothing,P000320,20,2.64,47.88
"GreenLeaf Realize",Books,P001210,20,3.34,66.98
"Zenith Lead",Toys,P000757,20,4.15,94.95
"Orion Occur",Electronics,P001121,20,3.42,1003.65
"Willow Age",Clothing,P000643,20,4.41,105.35
"Nimbus Himself","Home & Kitchen",P000566,20,3.39,221.26
"Zenith Conference","Pet Supplies",P001957,20,2.72,45.18
"NeoTech Stand",Groceries,P000371,20,4.9,19.06
"Pulse Race","Pet Supplies",P001531,20,2.8,49.15
"Solace How",Electronics,P001259,20,4.24,490.48
"Harbor Property",Books,P001728,20,3.89,82.77
"Zenith Ago",Books,P001487,20,2.99,52.1
"Nimbus Morning",Sports,P001234,20,3.68,488.59
"NeoTech May",Groceries,P001123,20,4.63,5.79
"Solace We",Groceries,P001124,20,4.44,5.5
"Pulse Physical",Automotive,P000613,20,2.83,300.24
"Pulse Few",Clothing,P001384,20,4.77,15.03
"Astra Dream",Sports,P000468,20,4.14,36.4
"Harbor Able","Home & Kitchen",P000139,20,4.21,335.61
"Pulse Group",Toys,P000328,20,4.05,26.74
"Acme Manage",Sports,P000601,20,3.5,343.78
"Harbor Firm",Books,P000155,20,3.07,12.17
"Acme He",Beauty,P000288,20,3.28,106.67
"Acme Discuss","Pet Supplies",P000080,20,3.42,24.52
"Solace Chance",Sports,P000381,20,2.87,177.64
"Zenith Conference","Home & Kitchen",P000564,20,3.48,99.23
"NeoTech Often",Books,P001494,20,4.11,18.45
"Zenith Road",Automotive,P000849,20,3.82,157.67
"Acme Brother",Groceries,P001718,20,3.94,8.74
"Pulse Direction","Home & Kitchen",P001595,20,4.62,214.62
"Acme Fire",Clothing,P000068,20,3.76,46.36
"Harbor Few","Pet Supplies",P001376,20,3.96,63.96
"NeoTech Laugh",Electronics,P000993,20,3.3,564.72
"Willow Indeed",Clothing,P000487,20,3.4,22.21
"Pulse Or",Automotive,P000575,20,4.42,338
"Pulse Front",Toys,P001045,20,2.71,41.15
"Zenith Clear","Pet Supplies",P000269,20,3.44,74.5
"Nimbus Happy",Groceries,P001627,20,4.12,11.67
"Orion Student",Sports,P000502,20,3.25,442.12
"Willow History",Beauty,P000563,20,4.2,101.93
"Zenith Word","Home & Kitchen",P001438,20,2.59,417.75
"Harbor Investment",Automotive,P000680,20,3.97,114.54
"GreenLeaf Without",Beauty,P001588,20,3.78,132.56
"Solace Everyone",Clothing,P001582,20,3.76,242.11
"Harbor Another",Beauty,P001101,20,3.27,152.38
"Willow Something",Toys,P000201,20,4.6,23.76
"Solace Option",Automotive,P000651,20,3.53,926.15
"Zenith Hope",Sports,P000559,20,4.12,59.17
"Nimbus Task",Groceries,P001357,20,3.2,19.99
"Harbor City",Clothing,P000858,20,3.02,185.03
"Everest Compare",Sports,P001160,20,2.5,88.97
"Pulse Arm",Groceries,P000090,20,2.87,3.69
"Everest Possible",Electronics,P001917,20,3.01,503.48
"Orion Class",Sports,P001646,20,4.51,314.64
"Willow Full",Automotive,P001680,20,4,294.93
"Harbor Race",Clothing,P000618,20,3.1,182.11
"GreenLeaf Note","Home & Kitchen",P000307,20,4.2,354.49
"NeoTech Job",Clothing,P001221,20,4.51,79.93
"Willow Condition",Sports,P001689,20,3.32,297.5
"Solace Player",Automotive,P000029,20,4.32,357.87
"Nimbus Test",Beauty,P000076,20,3.47,137.88
"Willow Value",Toys,P000919,19,2.92,33.99
"Orion Most",Clothing,P000162,19,3.99,151.39
"Nimbus Sit",Clothing,P000022,19,4.54,37.65
"Astra Support",Toys,P000329,19,3.02,106.81
"Astra Pull","Pet Supplies",P001808,19,3.29,49.88
"NeoTech Provide",Sports,P000406,19,4.5,103.54
"Astra Test",Clothing,P000494,19,3.65,148.44
"Orion Well",Groceries,P001157,19,4.21,20.26
"Harbor Population","Pet Supplies",P001556,19,3.1,86.48
"Harbor Much",Automotive,P000476,19,4.38,133.02
"Pulse Fine","Home & Kitchen",P000087,19,3.38,339.43
"Astra President",Books,P000115,19,4.24,28.99
"Willow Remain",Clothing,P000748,19,2.86,128.37
"GreenLeaf Wall",Clothing,P001601,19,4.61,93.07
"GreenLeaf Century","Pet Supplies",P000639,19,3.08,64.23
"Astra West",Groceries,P001735,19,3.27,13.04
"Solace Who",Toys,P001748,19,3.58,56.34
"Pulse Can",Beauty,P001284,19,3.81,153.71
"Willow Catch",Automotive,P001816,19,2.79,91.42
"Astra Our",Electronics,P000055,19,3.51,949.73
"Harbor Or","Pet Supplies",P001720,19,3.84,6.69
"GreenLeaf Eat",Toys,P000377,19,3.38,95.77
"GreenLeaf Reflect",Groceries,P001551,19,2.68,11.78
"Solace Camera",Electronics,P000451,19,3.86,228.61
"Harbor Hear",Groceries,P000429,19,3.37,39
"Nimbus Job",Toys,P001254,19,3.67,71.59
"Astra Buy","Pet Supplies",P000482,19,4.11,62.62
"Harbor Enter","Home & Kitchen",P000481,19,3.68,299.45
"Astra Small",Electronics,P000628,19,4.58,612.23
"Pulse Soon","Pet Supplies",P001813,19,2.86,54.41
"Zenith Black",Automotive,P001084,19,4.22,111.61
"Acme Foot",Toys,P001867,19,3.96,93.84
"Astra Herself",Clothing,P000808,19,3.22,125.02
"Orion Moment",Books,P001332,19,3.17,27.08
"Acme Common","Pet Supplies",P000411,19,2.88,50.96
"GreenLeaf Draw",Books,P001616,19,4.08,167.4
"Astra About","Home & Kitchen",P001734,19,3.99,68.37
"Nimbus Choice","Home & Kitchen",P000375,19,3.12,21.73
"Willow Spring",Automotive,P001013,19,4.4,1047.18
"Orion Up",Groceries,P001583,19,4.46,13.54
"Zenith International","Home & Kitchen",P000317,19,3.13,101.71
"Zenith View",Sports,P001753,19,4.69,165.03
"Solace Glass",Electronics,P001016,19,3.26,542.86
"Willow Cost",Books,P001828,19,3.05,54.83
"Orion Chance","Pet Supplies",P000405,19,4.59,7.85
"Orion Push","Pet Supplies",P001138,19,4.56,65.95
"Willow Responsibility",Electronics,P001128,19,2.79,338.49
"Everest Professional",Groceries,P001383,19,2.69,19.17
"Acme Him",Electronics,P001012,19,3.86,1290.2
"Astra Move",Electronics,P000723,19,4.59,244.36
"Harbor Power",Electronics,P001497,19,4.16,944.56
"Everest Stop",Automotive,P001691,19,3.78,893.72
"Orion Daughter",Toys,P001033,19,3.49,54.61
"Pulse Debate","Home & Kitchen",P000498,19,3.35,112.79
"GreenLeaf Reveal","Pet Supplies",P001252,19,3.01,76.91
"Astra Be",Clothing,P000001,19,4.08,157.89
"Pulse Manage",Automotive,P000912,19,2.96,189.79
"Solace Budget",Sports,P000552,19,2.85,190.22
"Zenith World",Beauty,P000279,19,4.18,114.56
"Willow Their",Electronics,P001707,19,3.91,988.62
"Pulse Eight",Automotive,P001061,19,3.71,297.23
"Nimbus Foreign",Books,P001399,19,4.62,40.7
"Everest Even","Home & Kitchen",P000214,19,2.53,191.69
"Pulse Attention",Sports,P000933,19,2.7,167.45
"Everest Stop","Pet Supplies",P001572,19,4.79,67.51
"Orion Final",Groceries,P000460,19,4.72,20.56
"Harbor Bill",Toys,P000154,19,4.21,32.06
"Astra Begin",Sports,P000872,19,2.97,51.33
"GreenLeaf Concern",Beauty,P001994,19,4.74,57.21
"Willow Let",Beauty,P000312,19,3.97,84.79
"Pulse Interesting",Clothing,P001366,19,4.13,95.81
"Nimbus Control",Electronics,P001653,19,4.85,1187.64
"Harbor Enjoy","Pet Supplies",P000480,19,4.31,60.33
"Orion Like",Groceries,P000183,19,4.26,3.37
"Orion Bag",Beauty,P001400,19,4.22,86.41
"Nimbus Person",Automotive,P001834,19,3.56,32.08
"Willow Against",Groceries,P001470,19,4.13,7.41
"Pulse Economy","Pet Supplies",P000604,19,4.4,113.44
"Everest So",Sports,P000986,19,4.7,32.25
"Willow Newspaper",Groceries,P000518,19,4.77,20.15
"Everest May",Clothing,P000962,19,4.23,274.66
"Nimbus Hospital",Toys,P000561,19,4.05,95.02
"Pulse Positive",Clothing,P001238,19,3.79,166.04
"Nimbus Main","Pet Supplies",P000360,19,4.45,59.31
"Nimbus Cell",Sports,P000342,19,4.49,90.57
"Orion Unit",Toys,P000830,19,4.25,72.45
"Astra Goal",Beauty,P000278,19,3.99,37.69
"Solace Difference",Electronics,P000165,19,3.85,295.27
"Nimbus East",Books,P001944,19,4.54,63.5
"Orion Fact",Beauty,P001831,19,3.69,169.79
"Solace Cell","Home & Kitchen",P001168,19,2.98,416.24
"Harbor Sort",Clothing,P001625,19,4.7,146.81
"NeoTech More","Home & Kitchen",P001137,19,4.82,170.53
"Nimbus Risk",Beauty,P001561,19,3.41,69.68
"GreenLeaf Painting",Toys,P000538,19,4.18,63.48
"Nimbus See",Groceries,P000992,19,3.98,10.49
"Willow Arm",Sports,P000126,19,4.72,423.57
"Nimbus Under",Beauty,P000708,19,2.9,208.74
"Astra Attorney",Automotive,P001848,19,4.7,392.65
"GreenLeaf Some","Home & Kitchen",P001866,19,2.78,21.92
"NeoTech Continue","Pet Supplies",P001777,19,2.83,69.57
"Acme Character",Automotive,P001988,19,3.26,202.98
"NeoTech List",Sports,P001410,19,3.66,70.68
"GreenLeaf Say","Pet Supplies",P001360,19,3.59,43.4
"Astra Pull",Electronics,P001024,19,3.47,2338.13
"Acme Run","Pet Supplies",P000229,19,2.52,5.59
"NeoTech While",Sports,P000471,19,4.25,181.71
"Pulse Natural","Home & Kitchen",P001455,19,3.07,91.33
"Everest Friend",Clothing,P000008,19,2.93,33.86
"Zenith Guess",Groceries,P001862,19,4.68,27.91
"Everest Also",Groceries,P001715,19,4.13,5.74
"GreenLeaf Recent",Clothing,P001668,19,2.74,47.02
"Astra This",Beauty,P001402,19,3.59,121.55
"GreenLeaf Deal","Pet Supplies",P001480,19,4.81,20.68
"Everest Baby",Books,P000319,19,4.01,40.58
"Willow Store",Beauty,P001365,19,3.94,46.5
"Solace School",Clothing,P000226,19,2.8,118.33
"Astra Policy",Toys,P000146,19,2.53,15.85
"Harbor Month",Groceries,P001377,19,4.59,22.11
"Nimbus Young",Beauty,P000531,19,4.13,167.72
"Nimbus Present","Pet Supplies",P000857,19,4.88,53.5
"Pulse Outside",Electronics,P001634,19,4.42,372.7
"Harbor Gas",Sports,P000880,19,4.36,401.23
"Pulse Piece",Books,P000791,19,2.85,40.14
"Orion Writer",Beauty,P001130,19,4.8,98.52
"GreenLeaf Star",Beauty,P001533,19,4.02,156.64
"Everest Bar",Electronics,P001560,19,4.31,1033.13
"Pulse Receive",Books,P000397,19,3.92,5.67
"Orion Above",Electronics,P000769,19,3.71,775.52
"Solace Fund",Beauty,P001021,19,2.98,72.4
"Harbor Statement",Groceries,P001442,19,3.94,6.07
"Everest Find","Home & Kitchen",P000424,19,3.62,439.51
"Harbor Others",Groceries,P000013,19,4.5,19.09
"GreenLeaf More",Sports,P001067,19,3.36,98.53
"Solace Know",Automotive,P001451,19,3.72,598.27
"Willow Expert",Beauty,P000196,19,3.38,11.83
"NeoTech Opportunity",Clothing,P001043,19,4.84,28.05
"Everest Deep",Automotive,P000297,19,3.98,902.48
"Nimbus Size","Pet Supplies",P000770,19,3.77,155.4
"Solace Make",Electronics,P001373,19,2.56,815.01
"Orion Trouble",Groceries,P000258,19,4.46,11.34
"Orion Stand",Clothing,P000802,19,3.74,173.34
"GreenLeaf Visit",Groceries,P001027,19,3.52,3.42
"Pulse Wait",Clothing,P000652,19,3.2,76.67
"Harbor Cup",Clothing,P000503,19,4.4,90.57
"Zenith Phone",Electronics,P000136,19,4.38,2169.98
"GreenLeaf Team",Beauty,P000363,19,4.08,61.12
"Nimbus Deal",Books,P001038,18,4.85,22.47
"GreenLeaf Reduce","Pet Supplies",P001510,18,4.47,93.58
"Solace Represent",Beauty,P000282,18,4.79,154.03
"Solace Life",Automotive,P001548,18,3.41,243.71
"Harbor Television","Home & Kitchen",P000873,18,4.81,94.58
"NeoTech Receive",Books,P000732,18,3.17,52.87
"Willow Measure",Electronics,P001706,18,4.04,970.1
"Nimbus Agree",Automotive,P001500,18,4.75,746.51
"NeoTech Yourself",Sports,P001140,18,4.6,124.59
"Acme Chance",Electronics,P001830,18,3.02,1127.47
"Acme Board","Pet Supplies",P000290,18,3.9,44.33
"Solace Serve",Toys,P001667,18,4.38,38.11
"Willow World",Electronics,P001261,18,2.63,1411.81
"Acme Effect",Automotive,P001692,18,4.64,108.67
"Orion Consider",Groceries,P000620,18,2.85,9.49
"Willow Commercial",Groceries,P000877,18,4.33,24.09
"Zenith Argue",Toys,P001436,18,3.92,63.88
"Zenith Begin",Beauty,P001150,18,2.96,98.79
"Orion Why",Beauty,P001280,18,2.83,98.92
"Zenith Guy",Sports,P000510,18,2.87,105.34
"Everest Daughter",Toys,P000352,18,3.97,112.71
"Solace Suffer",Books,P001650,18,4.19,71.07
"Nimbus Tonight",Electronics,P001051,18,2.61,472.13
"Everest Several","Home & Kitchen",P001838,18,3.02,331.98
"Acme Night","Home & Kitchen",P000040,18,4.74,350.41
"Everest Early","Pet Supplies",P001023,18,2.86,93.43
"Solace Commercial",Groceries,P001186,18,2.63,26.74
"NeoTech Standard",Sports,P000862,18,3.42,119.52
"Acme Sport",Toys,P000106,18,4.02,86.59
"NeoTech Also",Toys,P000316,18,3.8,72.21
"Nimbus Environment",Toys,P000904,18,3.97,47.08
"Willow Several",Automotive,P001393,18,3.1,314.95
"Everest Imagine",Clothing,P001619,18,4.2,15.52
"Orion Paper",Toys,P000683,18,4.29,15.22
"NeoTech Reveal",Automotive,P001262,18,2.97,229.68
"Everest Memory","Pet Supplies",P001198,18,2.54,58.11
"Zenith Need",Electronics,P000834,18,4.64,479.8
"Everest Yes","Home & Kitchen",P000124,18,2.85,36.32
"Pulse Five",Sports,P000958,18,2.57,78.26
"Everest Various","Home & Kitchen",P000453,18,3.34,17.06
"Nimbus Unit",Groceries,P001709,18,3.14,2.47
"Zenith Rise","Pet Supplies",P001993,18,3.75,68.6
"Astra Question",Groceries,P001180,18,3.84,21.71
"GreenLeaf Spring",Books,P000066,18,4.69,42.89
"NeoTech Trouble",Sports,P001714,18,3.7,303.15
"Harbor Score",Electronics,P000308,18,4.1,930.47
"Zenith Accept",Sports,P000158,18,4.02,314.58
"Nimbus State",Sports,P000738,18,4.1,121.64
"Nimbus Significant",Sports,P000441,18,2.96,105.75
"Solace Be",Groceries,P000151,18,3.53,23.37
"Harbor Than","Home & Kitchen",P000667,18,4.81,319.47
"Orion Their",Beauty,P000277,18,3.03,43.39
"Willow Bring",Clothing,P000686,18,4.3,29.92
"Harbor Main",Beauty,P001673,18,2.67,99.78
"GreenLeaf Left",Groceries,P000449,18,2.73,18.64
"Zenith Event",Beauty,P000583,18,4.85,137.49
"Willow Agree",Clothing,P000793,18,3.83,168
"Everest Beautiful","Home & Kitchen",P000582,18,3.86,318.63
"Zenith Trial",Beauty,P001534,18,3.83,91.4
"Zenith Both","Home & Kitchen",P001757,18,4.71,206.86
"NeoTech Song",Automotive,P001934,18,4.73,286.31
"NeoTech Car","Home & Kitchen",P001153,18,4.17,19.55
"Orion Record","Pet Supplies",P000096,18,4.15,53.16
"Zenith Part","Pet Supplies",P001413,18,3.56,55.76
"Solace Party",Sports,P000663,18,2.81,89.02
"Harbor Free",Clothing,P001380,18,3.08,113.22
"Zenith Religious",Groceries,P001775,18,4.55,23.52
"Zenith Current",Groceries,P000016,18,4.68,9.53
"Pulse Degree","Home & Kitchen",P001042,18,3.64,225
"Everest Age",Books,P000997,18,3.68,49.76
"Nimbus Knowledge",Sports,P000383,18,4.47,26.27
"Orion Late",Sports,P001017,18,3.36,210.15
"Nimbus Maintain",Electronics,P001807,18,3.67,557.39
"Harbor Notice","Pet Supplies",P001792,18,3.75,70.76
"Harbor Doctor",Books,P001463,18,3.68,8.44
"NeoTech Network",Beauty,P000719,18,3.02,134.95
"Solace Table",Groceries,P001657,18,4.61,25.99
"Zenith Thought",Toys,P000353,18,4.47,83.19
"Everest School",Toys,P001942,18,3.77,24.99
"Pulse Guy",Sports,P001431,18,3.65,243.43
"Pulse Such",Automotive,P000026,18,2.85,742.47
"Astra Family",Clothing,P001347,18,3.24,94.95
"Everest Deep",Electronics,P000860,18,3.06,264.08
"Nimbus Gun","Home & Kitchen",P000426,18,4.24,244.16
"GreenLeaf Star",Automotive,P001755,18,3.33,305.42
"Acme Push",Beauty,P000676,18,2.85,21.12
"Everest Summer",Beauty,P001372,18,4,82.39
"Solace Change",Toys,P001319,18,2.88,65.6
"Nimbus Top",Groceries,P001396,18,3.85,21.3
"Nimbus Every","Home & Kitchen",P001044,18,3.31,90.82
"NeoTech Film","Pet Supplies",P000219,18,2.96,82.2
"Solace Glass",Automotive,P000696,18,4.54,110.1
"GreenLeaf Computer",Toys,P001102,18,3.02,8.2
"Orion Style",Beauty,P000972,18,3.31,53.88
"Solace Show",Automotive,P000632,18,3.87,874.11
"Everest Tv",Automotive,P000228,18,3.25,253.79
"Astra Bill",Books,P000584,18,2.9,85.22
"Harbor Against",Electronics,P001125,18,3.46,1181.64
"NeoTech Finally","Home & Kitchen",P000843,18,4.65,51.57
"Zenith Break",Books,P000270,18,4.64,44.29
"GreenLeaf Network",Toys,P001415,18,3.71,29.3
"Astra Key",Sports,P001854,18,2.51,376.31
"Orion Society",Electronics,P001717,18,4.75,1551.98
"Nimbus Guess",Sports,P001267,18,3.31,112.28
"Harbor Better",Electronics,P001982,18,4.29,835.66
"Everest Own",Beauty,P001073,18,2.56,31.17
"Pulse Central",Electronics,P001781,18,4.66,984.2
"Pulse Two",Automotive,P000852,18,3.01,18.23
"Orion Rate",Groceries,P001054,18,4.77,24.61
"Zenith Should",Clothing,P001450,18,2.96,108.38
"Everest Easy",Clothing,P000050,18,4.17,108.18
"Acme Likely",Automotive,P001521,18,4.61,818.59
"Solace Majority",Groceries,P001675,18,4.87,5.2
"Acme Keep",Electronics,P000681,18,2.93,1708.2
"Astra Special",Toys,P001391,18,4.07,65.46
"GreenLeaf Evidence","Pet Supplies",P000670,18,3.87,79.6
"NeoTech Test",Groceries,P001537,18,4.21,9.23
"GreenLeaf Charge","Home & Kitchen",P000720,18,2.72,293.24
"Acme President",Toys,P001263,18,4.7,80.87
"Harbor Movement",Automotive,P001369,18,3.69,213.25
"GreenLeaf Condition",Electronics,P000702,18,2.8,667.59
"Orion Player","Home & Kitchen",P001205,18,4.22,393.93
"Pulse No",Groceries,P001950,18,3.1,25.37
"Everest Station",Toys,P000524,18,4.08,71.29
"NeoTech Imagine",Beauty,P001912,18,3.87,257.28
"Harbor Cost","Pet Supplies",P001804,18,2.74,9.81
"Pulse Year",Toys,P001836,18,4.1,56.37
"Orion Focus","Home & Kitchen",P001795,18,2.77,386.25
"Zenith Cold",Groceries,P000280,18,3.42,23.41
"Solace Something",Books,P000017,18,3.63,25.66
"Acme Computer",Electronics,P000937,18,4.38,401.3
"Orion Defense",Clothing,P001526,18,4.36,117.09
"Willow Culture","Home & Kitchen",P001783,18,4.17,56.57
"Pulse Daughter","Pet Supplies",P000841,18,2.52,34.32
"Orion Break",Automotive,P001339,18,2.63,535.69
"Harbor Buy",Electronics,P000966,18,4.37,1151.47
"Nimbus Politics","Home & Kitchen",P000699,18,4.81,204.47
"NeoTech Investment",Automotive,P000644,18,2.86,293.47
"GreenLeaf Window",Clothing,P000712,18,4.56,97.46
"Nimbus When",Clothing,P001247,17,3.58,67.54
"Acme Anyone",Automotive,P001684,17,4.12,728.97
"Nimbus South",Electronics,P000004,17,4.14,541.41
"Everest Despite","Home & Kitchen",P000514,17,4.66,201.55
"Willow Protect",Electronics,P001071,17,3.31,704.13
"GreenLeaf Sport",Books,P001906,17,3,17.73
"Astra Tough",Electronics,P001882,17,4.71,1463.26
"Acme Democratic",Automotive,P000887,17,4.14,670.63
"GreenLeaf Land","Home & Kitchen",P000425,17,2.85,126.93
"Pulse Weight",Automotive,P001449,17,4.18,354.29
"Nimbus Drive","Home & Kitchen",P001633,17,3.85,132.13
"Orion Short",Clothing,P000059,17,3.98,176.48
"Nimbus Out",Groceries,P001626,17,4.19,30.12
"Harbor Fill",Electronics,P000743,17,3.52,270.47
"GreenLeaf Analysis",Books,P001323,17,3.4,50.42
"Nimbus Morning",Groceries,P000689,17,2.68,18.5
"GreenLeaf Score","Pet Supplies",P000572,17,2.99,58.41
"Orion Medical","Home & Kitchen",P001832,17,4.16,52.77
"Zenith Hour",Clothing,P001733,17,3.39,166.64
"Pulse Interesting",Electronics,P001113,17,3.86,1663.12
"NeoTech Hope",Electronics,P001629,17,3.44,926.42
"GreenLeaf Effort",Groceries,P000099,17,4.26,24.6
"Nimbus Time","Home & Kitchen",P001066,17,3.61,154.29
"Solace Bit",Books,P000911,17,4.19,72
"Orion Red",Automotive,P000660,17,4.8,638.51
"Solace Somebody","Pet Supplies",P000771,17,4.09,31.43
"Everest Factor",Clothing,P001558,17,2.78,142.38
"Solace Other",Electronics,P000070,17,3.67,802.45
"Willow Include","Pet Supplies",P000271,17,3.29,117.63
"GreenLeaf Drive",Books,P001549,17,4.67,13.83
"Everest Property",Automotive,P000370,17,3.3,201.91
"NeoTech Career",Electronics,P001672,17,4.21,1257.52
"GreenLeaf Approach",Groceries,P001324,17,2.69,23.32
"GreenLeaf Next",Books,P001693,17,3.57,21.06
"Pulse Phone",Beauty,P001740,17,3.14,184.9
"Pulse Gas",Books,P001368,17,2.84,20.06
"Willow Budget",Clothing,P000030,17,3.93,139.45
"Willow Prove",Automotive,P000799,17,4.62,434.67
"NeoTech A",Clothing,P000039,17,4.75,33.41
"Everest Investment","Home & Kitchen",P001721,17,3.57,343.28
"Nimbus Whose",Clothing,P001908,17,3.81,51.78
"Everest Meet","Home & Kitchen",P000983,17,4.51,23.58
"Harbor Third",Beauty,P001059,17,3.38,64.95
"Astra City","Pet Supplies",P000935,17,3.21,70.32
"Harbor Despite","Home & Kitchen",P001815,17,2.66,241.73
"GreenLeaf Student",Books,P000436,17,4.49,29.24
"Pulse Production",Beauty,P001464,17,2.54,28.37
"Nimbus Support","Home & Kitchen",P001506,17,3.07,186.05
"Nimbus Run",Electronics,P001316,17,3.79,1077.43
"Everest Later",Toys,P000469,17,4.45,13.01
"Harbor Student","Pet Supplies",P000069,17,3.09,106.99
"NeoTech Tell",Toys,P000122,17,4.29,10.62
"Acme Process",Groceries,P001327,17,4.59,3.61
"Everest Exactly","Home & Kitchen",P001412,17,3.09,318.64
"Pulse Yeah",Automotive,P000672,17,3.87,370.64
"Nimbus Stage",Automotive,P000682,17,3.94,541.92
"GreenLeaf Fight","Pet Supplies",P000897,17,3.3,56.26
"NeoTech Story",Sports,P001759,17,4.58,407.54
"Acme Art","Pet Supplies",P000970,17,2.84,54.77
"Solace Speak",Beauty,P000600,17,2.93,93.51
"Nimbus Girl",Books,P000920,17,4.7,65.35
"GreenLeaf Be",Clothing,P001303,17,4.34,54.36
"Nimbus Approach",Groceries,P001575,17,2.98,32.63
"Harbor Significant",Toys,P000166,17,3.12,103.35
"Everest Miss",Groceries,P000978,17,4.28,6.58
"Willow Answer",Electronics,P000491,17,2.95,398.86
"Acme Pass",Toys,P000625,17,4.72,142.94
"Nimbus Eat",Books,P001115,17,4.52,16.35
"NeoTech In",Toys,P000365,17,3.78,98.81
"NeoTech Reason","Pet Supplies",P000213,17,3.05,22.25
"Pulse Possible","Home & Kitchen",P000984,17,3.13,244.36
"Pulse Commercial",Clothing,P000532,17,4.71,21.52
"NeoTech Administration",Automotive,P001598,17,3.51,407.98
"Astra Cost",Beauty,P001496,17,3.32,52.25
"Pulse But","Pet Supplies",P001047,17,4.58,49.09
"Harbor Health",Groceries,P000023,17,3.09,22.11
"GreenLeaf Argue",Clothing,P000634,17,2.52,43.85
"Acme Real",Sports,P001631,17,3.73,154.57
"NeoTech Peace",Books,P000577,17,2.53,19.22
"Astra Pressure","Pet Supplies",P001538,17,2.74,72.49
"Everest Clear","Home & Kitchen",P001580,17,4.78,318.51
"Everest Design",Clothing,P001127,17,4.12,150.71
"Acme Gun","Home & Kitchen",P000759,17,4.01,153.06
"Harbor Story","Home & Kitchen",P001638,17,3.13,363.25
"NeoTech Huge","Home & Kitchen",P001236,17,2.72,204.78
"Zenith Total",Books,P000452,17,4.64,37.56
"Willow Wall",Beauty,P001272,17,3.45,123.68
"Willow Few",Beauty,P001570,17,3.5,130.56
"Harbor Mother",Toys,P001446,17,3.04,40.8
"Pulse Officer",Toys,P000033,17,3.6,44.46
"Astra Explain",Groceries,P000322,17,2.81,32.16
"Pulse True","Home & Kitchen",P000138,17,4.06,57.52
"GreenLeaf High",Electronics,P001133,17,3.4,521
"Everest Customer",Toys,P000275,17,3.05,36.36
"NeoTech What","Pet Supplies",P000295,17,4.66,84.97
"Acme Thought",Toys,P001661,17,4.53,14.26
"Solace Interview","Home & Kitchen",P000232,17,4.25,180.7
"Nimbus Customer",Groceries,P000221,17,4.15,22.47
"Harbor Different","Pet Supplies",P001313,17,4.29,28.38
"Orion Once","Home & Kitchen",P001190,17,3,157.51
"Nimbus Stock",Sports,P000159,17,2.61,146.05
"Willow Recently",Clothing,P000132,17,2.56,135.87
"GreenLeaf Painting",Clothing,P000207,17,3.4,227.28
"Orion Right",Toys,P001682,17,4.19,35.4
"Willow Box",Automotive,P000181,17,2.71,763.34
"Astra Player",Groceries,P001179,17,2.6,1.72
"NeoTech Class","Pet Supplies",P000252,17,3.35,46.59
"Harbor Somebody","Pet Supplies",P001428,17,3.92,43.57
"Astra Upon",Toys,P000917,17,2.83,20.58
"GreenLeaf Seem","Pet Supplies",P000674,17,3.85,21.11
"NeoTech Fear",Electronics,P000234,16,3.59,375.37
"Nimbus Expert",Beauty,P001897,16,2.95,127.42
"GreenLeaf List",Books,P001099,16,4.49,33.06
"Nimbus Near",Toys,P001843,16,4.37,33.17
"GreenLeaf Measure",Toys,P000892,16,4.86,67.1
"Zenith Skin",Books,P000431,16,3.96,27.08
"GreenLeaf Act",Clothing,P001871,16,2.75,118.36
"Harbor Until",Clothing,P000113,16,4.39,22.55
"Harbor Medical",Clothing,P000522,16,3.17,17.96
"Acme When",Automotive,P001873,16,3.87,413.11
"GreenLeaf Various",Clothing,P000437,16,3.37,130.95
"Harbor Professor",Groceries,P001331,16,3.43,34.59
"Acme Group",Electronics,P000642,16,3.65,1816.28
"Pulse Throughout","Pet Supplies",P001181,16,3.77,66.6
"NeoTech Rich",Groceries,P001584,16,4.18,1.21
"Willow Officer",Automotive,P000268,16,4.6,253.41
"Zenith Television",Books,P001620,16,3.84,39.96
"Everest Raise","Pet Supplies",P001270,16,3.47,133.78
"Harbor Town",Beauty,P000753,16,4.69,6.75
"Willow Peace",Automotive,P001003,16,4.22,676.95
"GreenLeaf Its",Beauty,P001765,16,3.04,49.84
"Pulse Computer","Home & Kitchen",P001878,16,4.51,212.46
"NeoTech Nice",Toys,P000794,16,2.6,62.1
"Everest Also",Electronics,P001346,16,3.15,921
"Astra May",Groceries,P000300,16,4.77,26.88
"Solace Guess",Books,P000556,16,3.9,54.93
"GreenLeaf List",Beauty,P001849,16,4.5,59.13
"Astra Visit",Beauty,P000177,16,3.52,17.35
"Zenith Movie",Groceries,P000097,16,4.65,31.94
"Willow Plant",Sports,P000463,16,4.4,18.57
"Nimbus Word",Electronics,P001183,16,3.51,1835.32
"Harbor Body",Groceries,P000202,16,3.51,26.28
"Everest Shake",Beauty,P000739,16,2.52,70.13
"Acme American",Electronics,P000874,16,2.72,725.63
"Willow Also","Home & Kitchen",P000475,16,3.42,191.79
"Nimbus Give",Sports,P000490,16,4.12,203.83
"Pulse Season",Automotive,P000875,16,4.13,376.18
"Pulse Eight",Beauty,P001596,16,3.64,38.16
"Astra Into",Electronics,P000725,16,4.55,412.67
"Solace Well",Groceries,P001216,16,3.43,7.42
"NeoTech Commercial",Sports,P000064,16,3.98,151.03
"Nimbus Or","Home & Kitchen",P001453,16,2.72,189.88
"Pulse Set",Beauty,P001702,16,4.07,154.05
"NeoTech Plant",Automotive,P001204,16,3.55,88.34
"Everest Unit",Sports,P000709,16,4.49,142.68
"Everest Minute","Home & Kitchen",P000235,16,4.15,628.13
"Everest Than","Home & Kitchen",P000442,16,4.66,353.65
"Astra Option","Home & Kitchen",P001408,16,3.37,183.59
"Everest Benefit",Clothing,P000641,16,2.58,86.47
"Astra Lead",Electronics,P001889,16,3.63,188.48
"Solace Billion",Automotive,P000976,16,3.64,398.82
"Orion Listen",Toys,P000811,16,4.08,86.16
"Solace Strong",Toys,P001405,16,2.64,79.25
"Willow Fill",Groceries,P001325,16,2.88,13.34
"Everest Drop",Groceries,P000203,16,4.1,31.08
"Solace Down",Sports,P000325,16,4.22,114.24
"Zenith About","Pet Supplies",P001289,16,4.38,66.74
"Orion Financial",Sports,P000259,16,4.42,166.86
"Nimbus Bank",Electronics,P001136,16,3.5,244.29
"GreenLeaf Body",Beauty,P000486,16,3.18,46.64
"Nimbus Nice",Toys,P001214,16,2.62,55.11
"Zenith Skill",Clothing,P000539,16,3.38,45.11
"Nimbus Whole",Groceries,P000845,16,4.4,11.14
"Zenith Hotel",Clothing,P000665,16,3.96,76.18
"Acme Student",Sports,P001371,16,4.44,173.25
"Harbor Man",Clothing,P000361,16,2.69,168.32
"Everest Police","Pet Supplies",P000423,16,3.98,60.29
"Astra Make",Books,P001949,16,4.01,19.54
"Acme Break",Electronics,P000274,16,3.53,1197.44
"Zenith Different",Toys,P001035,16,2.91,79.55
"Solace Even",Clothing,P001785,16,4.11,90.15
"Everest Smile",Clothing,P000128,16,4.74,55.25
"NeoTech Rise","Pet Supplies",P000536,16,3.91,6.85
"Zenith Board","Home & Kitchen",P001809,16,2.77,131.75
"Zenith Look",Groceries,P000579,16,3.63,7.56
"Harbor Thousand",Sports,P001507,16,3.83,317.38
"Acme Production",Books,P000169,16,3.9,21.36
"Zenith Rate",Toys,P001472,16,3.53,40.71
"Nimbus Wish",Clothing,P001536,16,3.92,37.11
"Willow Religious",Electronics,P000806,16,2.73,484.18
"Acme Action","Home & Kitchen",P000586,16,4.64,66.03
"Nimbus For",Electronics,P000741,16,2.96,704.46
"Willow Prepare",Beauty,P001818,16,4.11,70.39
"NeoTech Fine",Groceries,P001041,16,2.87,17.03
"Solace Civil",Automotive,P001074,16,2.96,160.18
"Acme Prevent",Groceries,P001676,16,4.25,3.69
"Zenith Create",Electronics,P000114,16,4.14,805.15
"Nimbus Property",Toys,P001297,16,4.07,92.89
"Astra Number","Pet Supplies",P000242,16,2.9,51.96
"Zenith Might",Sports,P000792,15,3.99,228.3
"Everest Else",Books,P001563,15,2.7,15.87
"Astra Power",Electronics,P000058,15,3.41,788.21
"Astra Congress",Toys,P000797,15,4.15,9.98
"Astra These",Books,P001966,15,3.83,77.21
"Nimbus Interesting",Toys,P000060,15,2.56,81.57
"Solace Really",Electronics,P000711,15,3.98,536.33
"Nimbus Pass","Pet Supplies",P000598,15,4.78,4.68
"Astra All",Clothing,P000822,15,2.58,36.08
"Willow Exist",Clothing,P000562,15,3.15,23.79
"Nimbus Today",Electronics,P000745,15,3.58,1248.13
"GreenLeaf Goal",Electronics,P001847,15,4.09,1025.31
"NeoTech Imagine",Toys,P000170,15,3.57,20.19
"Zenith Board",Clothing,P001997,15,2.66,106.67
"Pulse Idea",Groceries,P000409,15,4.77,11.8
"Harbor Those","Home & Kitchen",P000573,15,2.69,72.45
"Acme Give",Sports,P000631,15,2.74,150.4
"Nimbus Sell",Sports,P000656,15,2.72,165.03
"Zenith Myself",Sports,P001567,15,4.31,77.3
"GreenLeaf Who",Automotive,P000292,15,3.2,203.3
"NeoTech Person",Books,P001089,15,3.04,19.14
"Harbor Itself",Clothing,P000173,15,4.4,30.32
"Nimbus Standard",Beauty,P000805,15,3.72,35.08
"Pulse Require",Groceries,P001523,15,3.22,6.6
"Harbor Necessary",Sports,P000089,15,3.55,43.43
"Acme Stuff",Groceries,P000281,15,3.31,28.99
"Nimbus Great","Home & Kitchen",P001677,15,3.11,300.67
"Pulse Pm",Electronics,P001479,15,2.69,624.52
"Nimbus Camera",Automotive,P001432,15,3.97,344.62
"GreenLeaf Call",Electronics,P000622,15,3.91,865.55
"Orion Owner",Electronics,P001960,15,2.94,738.02
"Nimbus Culture",Clothing,P000668,15,3.77,168.02
"Nimbus Only","Home & Kitchen",P000416,15,4.25,54.42
"Orion Room",Books,P001708,15,2.97,99.54
"Astra Production",Beauty,P000611,15,2.8,108.27
"NeoTech Everyone",Groceries,P001545,15,2.94,1.49
"Nimbus Watch",Toys,P000558,15,3.57,61.71
"Solace Loss","Pet Supplies",P001281,15,4.69,43.98
"Everest Make",Beauty,P001751,15,4.43,60.7
"Harbor Pick",Clothing,P001185,15,3.28,21.74
"Astra Type",Groceries,P001094,15,3.52,11.95
"Harbor Place",Books,P001597,15,3.15,7.37
"Willow Open",Books,P001409,15,4.54,44.71
"Orion Head",Beauty,P001909,15,2.73,69
"GreenLeaf Process",Automotive,P001419,15,3.86,990.68
"Astra Clearly",Clothing,P000778,15,3.65,56.05
"Nimbus Lawyer",Automotive,P000267,15,3.32,696.74
"Orion Young",Beauty,P001342,15,4.4,34.69
"Zenith Happy","Home & Kitchen",P001743,15,4.54,173.72
"Willow Sit","Pet Supplies",P000445,15,4.14,11.9
"NeoTech Guy","Pet Supplies",P001592,15,4.45,44.14
"GreenLeaf Medical",Clothing,P001660,15,4.72,113.12
"Willow Imagine","Home & Kitchen",P001978,15,3.25,317.34
"Solace Movie",Beauty,P001282,15,4.79,62.28
"Acme Their",Books,P000067,15,3.13,16.13
"GreenLeaf Meet","Home & Kitchen",P001008,15,2.53,438.35
"Acme Artist",Electronics,P001744,15,3.21,1797.55
"Pulse Answer",Sports,P000167,15,4.4,28.53
"GreenLeaf At",Automotive,P000344,15,3.91,145.72
"Pulse Order",Clothing,P000119,15,4.77,265.21
"Zenith Deal",Electronics,P000298,15,4.34,1238.93
"Solace Subject","Home & Kitchen",P000915,15,3.62,231.62
"Solace Democratic",Toys,P001090,14,3.45,74.93
"Everest Skin",Automotive,P001581,14,3.65,225.32
"Harbor Defense",Groceries,P000624,14,4.42,29.41
"Orion Foot",Books,P000378,14,3.21,9.11
"Pulse Design",Electronics,P001973,14,2.72,416.78
"Zenith Coach",Clothing,P000110,14,2.5,154.67
"Astra Behavior",Clothing,P001800,14,4.7,113.98
"Harbor Simple",Books,P000839,14,2.64,67.27
"Pulse Road",Beauty,P001182,14,3.48,129.7
"Harbor Foreign",Automotive,P001072,14,4.17,68.33
"Solace The",Sports,P000374,14,4.71,377.51
"NeoTech Into",Toys,P001514,14,3.64,61.14
"Acme Age","Home & Kitchen",P001864,14,3.63,200.84
"Astra Enter",Toys,P000038,14,3.85,44.23
"Astra Get","Home & Kitchen",P000245,14,4.61,221.48
"Everest Nor",Books,P000338,14,2.61,16.48
"Zenith Civil",Toys,P001573,14,3.62,50.66
"Harbor Allow",Electronics,P001197,14,3.25,689.05
"Harbor Seek",Sports,P000250,14,3.13,162.91
"NeoTech Whom",Books,P001529,14,3.13,42.34
"Nimbus Fill",Toys,P001845,14,4.7,74.86
"Willow Place",Groceries,P000951,14,4.07,25.48
"Everest Type",Groceries,P001884,14,3.23,15.66
"Everest Source",Groceries,P001971,14,4.03,22.59
"Zenith Way",Clothing,P000142,14,4.65,205.73
"Orion Rock",Toys,P000176,14,4.8,111.48
"Zenith Member",Beauty,P001006,14,3.82,118.17
"Astra Beyond",Electronics,P001048,14,2.95,871.92
"Solace Treat",Toys,P000671,14,3.59,84.7
"Solace Growth","Home & Kitchen",P001037,14,3.53,130
"Pulse Would",Electronics,P001439,14,3.51,1221.59
"Astra Establish",Sports,P001302,14,4.64,13.29
"Orion Role",Clothing,P000464,14,4.33,44.1
"Harbor Together",Automotive,P001434,14,3.68,669.84
"Acme Indeed",Toys,P000616,14,4.48,28.51
"Solace Owner","Home & Kitchen",P001091,14,4.31,215.69
"Astra Here",Beauty,P001414,14,2.81,223.69
"Harbor Mrs",Toys,P001300,14,4.23,60.63
"Pulse Scientist",Groceries,P001568,14,4.42,11.15
"GreenLeaf It","Home & Kitchen",P000881,14,4.56,441.04
"Everest Unit",Groceries,P000974,14,3.12,18.15
"Astra Page",Beauty,P000773,14,2.8,9.58
"Orion Break",Sports,P000477,14,4.12,55.28
"Astra Guy",Automotive,P001382,14,3.43,93.21
"Willow Law",Beauty,P001876,14,4.38,67.41
"Solace Republican","Pet Supplies",P000533,14,4.15,11.41
"Zenith Decade",Groceries,P001068,14,3.65,19.97
"Nimbus Professional",Toys,P000465,14,4.33,14.96
"Astra Collection",Clothing,P001242,14,3.84,99.47
"Nimbus Someone",Books,P000550,14,4.64,29.83
"Harbor System",Groceries,P000260,13,4.68,24.11
"NeoTech Nearly",Clothing,P000455,13,4.45,65.06
"NeoTech Stuff","Home & Kitchen",P000615,13,3.07,93.1
"Harbor Per","Pet Supplies",P001482,13,4.85,37.9
"Harbor Opportunity",Toys,P000994,13,2.82,27.46
"Nimbus Market","Pet Supplies",P000975,13,4.48,19.41
"Zenith Then",Beauty,P000284,13,2.53,7.78
"Harbor Audience","Pet Supplies",P000630,13,3.79,104.55
"Zenith Check",Toys,P000362,13,4.75,104.09
"Pulse Politics",Books,P001288,13,4.75,40.6
"Everest Child",Toys,P000513,13,3.45,11.93
"Acme Sign",Books,P001924,13,3.74,5.58
"Harbor Size",Automotive,P000664,13,3.75,675.42
"GreenLeaf Project",Beauty,P001445,13,4.72,118.11
"Harbor Fire","Home & Kitchen",P001930,13,4.18,34.77
"Acme Wife","Pet Supplies",P001851,13,3.77,9.25
"Pulse Take",Automotive,P001076,13,2.85,139.06
"Nimbus Level",Automotive,P000995,13,2.93,223.92
"Solace Including","Home & Kitchen",P001335,13,4.21,386.33
"GreenLeaf Relate",Beauty,P000523,13,4.5,111.37
"GreenLeaf Less",Automotive,P001417,13,4.59,373.48
"NeoTech Peace",Sports,P000093,13,3.85,202.3
"Everest Food","Home & Kitchen",P000121,13,4.28,390.29
"Willow Blood",Automotive,P000940,13,3.25,658.02
"Pulse Ok",Electronics,P001508,13,4.32,1016.69
"Zenith Story",Groceries,P000200,13,3.37,13.85
"Everest Push",Electronics,P000973,13,2.84,1603.75
"Harbor For",Sports,P000187,13,4.84,134.5
"Nimbus Should",Clothing,P000511,13,2.6,34.13
"Acme Best",Electronics,P001886,12,3.02,1325.06
"GreenLeaf Do",Beauty,P001640,12,2.75,10.87
"Pulse Five",Electronics,P001320,12,3.4,828.09
"Everest Take",Clothing,P001602,12,3.79,260.17
"Harbor Who",Automotive,P000024,12,4.35,529.54
"Harbor Several",Sports,P000368,12,4.37,257.21
"Acme Take",Clothing,P001498,12,2.84,207.25
"Astra Work",Books,P001887,12,2.84,10.47
"Acme Outside",Clothing,P000336,12,4.21,121.89
"Nimbus Mr","Pet Supplies",P000398,12,4.59,108.65
"Orion Serious",Toys,P001875,12,2.73,86.67
"Pulse Next",Electronics,P000415,12,3.87,861.62
"Solace System",Sports,P001985,12,4.59,18.84
"Acme Up",Automotive,P001057,11,4.42,538.47
"Harbor Look","Home & Kitchen",P001388,11,4.44,164.35
"Willow Indicate",Books,P000818,11,3.6,42.15
"Nimbus Nature",Groceries,P000828,11,3.42,8.6
"Zenith Study",Electronics,P001788,11,2.68,391.83
"Orion Administration","Pet Supplies",P001656,11,2.8,20.13
"Pulse Result",Electronics,P001106,11,4.22,1071.83
"Harbor Group",Sports,P001312,11,3.97,208.6
"Harbor Two","Home & Kitchen",P001129,10,3.24,305.16
"Nimbus If",Sports,P000168,10,3.97,298.04
"Harbor Improve",Groceries,P001416,10,4,26.31
"NeoTech Better",Beauty,P001131,9,3.98,127.21
"Willow Tree",Groceries,P000971,9,3.9,21.25
